Defect_ID,Defect_Type,Machine_ID,Production_Line,Defect_Date,Root_Cause,Resolution_Comment,Resolved_Date
D0001,Paint Peeling,MCH-214,Line-1,2025-06-06,Improper curing temperature,Replaced cutting tool and added tool inspection schedule,2025-06-10
D0002,Electrical Failure,MCH-413,Line-1,2025-07-15,Improper curing temperature,Calibrated oven temperature and added monitoring alert,2025-07-16
D0003,Overheating,MCH-142,Line-1,2025-01-17,Seal failure,Calibrated equipment and updated calibration logs,2025-01-19
D0004,Misalignment,MCH-163,Line-4,2025-06-29,Improper curing temperature,Replaced seal and added pressure monitoring,2025-06-30
D0005,Surface Crack,MCH-130,Line-3,2025-05-11,Worn-out die,Replaced cutting tool and added tool inspection schedule,2025-05-12
D0006,Misalignment,MCH-481,Line-2,2025-08-21,High machine vibration,Introduced torque check checklist and operator training,2025-08-23
D0007,Surface Crack,MCH-372,Line-5,2025-08-19,Tool wear,Adjusted machine alignment and replaced worn-out bearings,2025-08-22
D0008,Paint Peeling,MCH-377,Line-4,2025-01-11,Loose wiring,Polished die and added regular inspection routine,2025-01-13
D0009,Welding Porosity,MCH-408,Line-1,2025-08-21,Gas flow inconsistency,Replaced cutting tool and added tool inspection schedule,2025-08-26
D0010,Paint Peeling,MCH-208,Line-3,2025-05-24,Improper curing temperature,Adjusted machine alignment and replaced worn-out bearings,2025-05-25
D0011,Dimension Out of Tolerance,MCH-315,Line-2,2025-07-12,Seal failure,Replaced seal and added pressure monitoring,2025-07-17
D0012,Paint Peeling,MCH-459,Line-3,2025-01-20,Coolant shortage,Introduced torque check checklist and operator training,2025-01-24
D0013,Overheating,MCH-439,Line-1,2025-04-17,High machine vibration,Calibrated equipment and updated calibration logs,2025-04-18
D0014,Paint Peeling,MCH-155,Line-1,2025-03-18,Improper calibration,Calibrated equipment and updated calibration logs,2025-03-20
D0015,Surface Crack,MCH-238,Line-3,2025-03-29,Improper calibration,Adjusted machine alignment and replaced worn-out bearings,2025-04-03
D0016,Misalignment,MCH-180,Line-5,2025-05-07,Tool wear,Replaced cutting tool and added tool inspection schedule,2025-05-09
D0017,Burr Formation,MCH-453,Line-2,2025-08-13,Gas flow inconsistency,Replaced cutting tool and added tool inspection schedule,2025-08-17
D0018,Burr Formation,MCH-381,Line-3,2025-01-02,Tool wear,Refilled coolant tank and fixed coolant flow sensor,2025-01-05
D0019,Welding Porosity,MCH-252,Line-1,2025-05-04,Loose wiring,Calibrated oven temperature and added monitoring alert,2025-05-08
D0020,Overheating,MCH-446,Line-3,2025-05-20,Operator error,Adjusted machine alignment and replaced worn-out bearings,2025-05-22
D0021,Welding Porosity,MCH-415,Line-1,2025-02-02,Operator error,Refilled coolant tank and fixed coolant flow sensor,2025-02-04
D0022,Electrical Failure,MCH-139,Line-1,2025-06-26,Operator error,Polished die and added regular inspection routine,2025-06-27
D0023,Surface Crack,MCH-156,Line-1,2025-05-02,Loose wiring,Refilled coolant tank and fixed coolant flow sensor,2025-05-03
D0024,Loose Assembly,MCH-291,Line-5,2025-02-16,Loose wiring,Replaced seal and added pressure monitoring,2025-02-17
D0025,Loose Assembly,MCH-485,Line-2,2025-01-14,Coolant shortage,Adjusted machine alignment and replaced worn-out bearings,2025-01-17
D0026,Paint Peeling,MCH-284,Line-2,2025-08-17,Improper calibration,Polished die and added regular inspection routine,2025-08-18
D0027,Leakage,MCH-344,Line-5,2025-03-16,Coolant shortage,Secured wiring and scheduled preventive inspection,2025-03-20
D0028,Electrical Failure,MCH-426,Line-3,2025-08-11,Worn-out die,Calibrated equipment and updated calibration logs,2025-08-14
D0029,Burr Formation,MCH-303,Line-2,2025-01-10,Operator error,Replaced cutting tool and added tool inspection schedule,2025-01-12
D0030,Welding Porosity,MCH-224,Line-2,2025-05-28,Operator error,Replaced seal and added pressure monitoring,2025-05-29
D0031,Overheating,MCH-265,Line-2,2025-04-28,High machine vibration,Replaced seal and added pressure monitoring,2025-04-29
D0032,Electrical Failure,MCH-116,Line-5,2025-01-25,Seal failure,Calibrated equipment and updated calibration logs,2025-01-29
D0033,Leakage,MCH-293,Line-3,2025-01-25,Coolant shortage,Replaced seal and added pressure monitoring,2025-01-26
D0034,Burr Formation,MCH-166,Line-5,2025-06-21,High machine vibration,Replaced gas regulator and trained operator,2025-06-23
D0035,Dimension Out of Tolerance,MCH-205,Line-5,2025-07-20,Coolant shortage,Calibrated equipment and updated calibration logs,2025-07-22
D0036,Burr Formation,MCH-127,Line-4,2025-05-31,High machine vibration,Calibrated oven temperature and added monitoring alert,2025-06-03
D0037,Loose Assembly,MCH-254,Line-5,2025-08-06,Gas flow inconsistency,Polished die and added regular inspection routine,2025-08-07
D0038,Leakage,MCH-233,Line-5,2025-04-30,Gas flow inconsistency,Calibrated equipment and updated calibration logs,2025-05-05
D0039,Surface Crack,MCH-441,Line-1,2025-04-17,Operator error,Replaced cutting tool and added tool inspection schedule,2025-04-19
D0040,Dimension Out of Tolerance,MCH-436,Line-1,2025-07-20,Tool wear,Replaced seal and added pressure monitoring,2025-07-22
D0041,Dimension Out of Tolerance,MCH-473,Line-4,2025-08-19,Seal failure,Replaced seal and added pressure monitoring,2025-08-21
D0042,Overheating,MCH-220,Line-2,2025-07-17,Improper calibration,Calibrated equipment and updated calibration logs,2025-07-21
D0043,Loose Assembly,MCH-295,Line-5,2025-08-23,Coolant shortage,Secured wiring and scheduled preventive inspection,2025-08-27
D0044,Dimension Out of Tolerance,MCH-268,Line-4,2025-02-04,Improper curing temperature,Replaced seal and added pressure monitoring,2025-02-08
D0045,Paint Peeling,MCH-211,Line-5,2025-05-05,Improper curing temperature,Replaced cutting tool and added tool inspection schedule,2025-05-08
D0046,Dimension Out of Tolerance,MCH-443,Line-2,2025-06-28,Worn-out die,Replaced cutting tool and added tool inspection schedule,2025-06-30
D0047,Dimension Out of Tolerance,MCH-372,Line-1,2025-08-31,High machine vibration,Adjusted machine alignment and replaced worn-out bearings,2025-09-02
D0048,Welding Porosity,MCH-447,Line-5,2025-04-11,Gas flow inconsistency,Adjusted machine alignment and replaced worn-out bearings,2025-04-14
D0049,Misalignment,MCH-494,Line-1,2025-09-04,Improper calibration,Replaced cutting tool and added tool inspection schedule,2025-09-07
D0050,Loose Assembly,MCH-426,Line-3,2025-06-29,Worn-out die,Replaced cutting tool and added tool inspection schedule,2025-06-30
D0051,Loose Assembly,MCH-263,Line-2,2025-04-09,Improper curing temperature,Refilled coolant tank and fixed coolant flow sensor,2025-04-12
D0052,Paint Peeling,MCH-345,Line-3,2025-05-17,Tool wear,Polished die and added regular inspection routine,2025-05-21
D0053,Burr Formation,MCH-483,Line-5,2025-04-06,High machine vibration,Calibrated oven temperature and added monitoring alert,2025-04-10
D0054,Dimension Out of Tolerance,MCH-481,Line-5,2025-04-03,Operator error,Replaced seal and added pressure monitoring,2025-04-06
D0055,Electrical Failure,MCH-102,Line-5,2025-02-18,Gas flow inconsistency,Replaced cutting tool and added tool inspection schedule,2025-02-21
D0056,Misalignment,MCH-465,Line-5,2025-02-09,Tool wear,Calibrated equipment and updated calibration logs,2025-02-11
D0057,Misalignment,MCH-299,Line-3,2025-05-03,Seal failure,Replaced cutting tool and added tool inspection schedule,2025-05-06
D0058,Burr Formation,MCH-367,Line-1,2025-01-10,High machine vibration,Replaced cutting tool and added tool inspection schedule,2025-01-13
D0059,Surface Crack,MCH-107,Line-3,2025-01-07,Coolant shortage,Calibrated equipment and updated calibration logs,2025-01-10
D0060,Burr Formation,MCH-136,Line-4,2025-07-17,High machine vibration,Replaced seal and added pressure monitoring,2025-07-22
D0061,Surface Crack,MCH-166,Line-5,2025-04-22,Gas flow inconsistency,Polished die and added regular inspection routine,2025-04-24
D0062,Paint Peeling,MCH-339,Line-3,2025-06-20,Worn-out die,Polished die and added regular inspection routine,2025-06-21
D0063,Misalignment,MCH-467,Line-5,2025-02-17,Gas flow inconsistency,Replaced gas regulator and trained operator,2025-02-22
D0064,Burr Formation,MCH-165,Line-3,2025-06-11,Improper calibration,Replaced seal and added pressure monitoring,2025-06-14
D0065,Surface Crack,MCH-289,Line-4,2025-03-02,Tool wear,Adjusted machine alignment and replaced worn-out bearings,2025-03-03
D0066,Burr Formation,MCH-459,Line-4,2025-01-12,Tool wear,Replaced seal and added pressure monitoring,2025-01-14
D0067,Surface Crack,MCH-193,Line-4,2025-08-16,Coolant shortage,Replaced cutting tool and added tool inspection schedule,2025-08-20
D0068,Loose Assembly,MCH-354,Line-2,2025-09-08,Coolant shortage,Secured wiring and scheduled preventive inspection,2025-09-10
D0069,Paint Peeling,MCH-282,Line-1,2025-03-28,Seal failure,Secured wiring and scheduled preventive inspection,2025-03-30
D0070,Paint Peeling,MCH-157,Line-5,2025-01-26,Improper calibration,Replaced gas regulator and trained operator,2025-01-31
D0071,Burr Formation,MCH-155,Line-4,2025-06-13,Worn-out die,Replaced cutting tool and added tool inspection schedule,2025-06-15
D0072,Paint Peeling,MCH-397,Line-1,2025-04-27,Improper curing temperature,Adjusted machine alignment and replaced worn-out bearings,2025-04-28
D0073,Burr Formation,MCH-360,Line-3,2025-06-10,Operator error,Calibrated equipment and updated calibration logs,2025-06-12
D0074,Loose Assembly,MCH-376,Line-2,2025-04-04,Improper calibration,Adjusted machine alignment and replaced worn-out bearings,2025-04-09
D0075,Loose Assembly,MCH-344,Line-3,2025-07-20,High machine vibration,Calibrated oven temperature and added monitoring alert,2025-07-21
D0076,Dimension Out of Tolerance,MCH-129,Line-2,2025-06-02,Gas flow inconsistency,Replaced seal and added pressure monitoring,2025-06-05
D0077,Leakage,MCH-349,Line-5,2025-04-17,Worn-out die,Calibrated equipment and updated calibration logs,2025-04-19
D0078,Paint Peeling,MCH-104,Line-3,2025-01-02,Seal failure,Calibrated oven temperature and added monitoring alert,2025-01-03
D0079,Overheating,MCH-295,Line-2,2025-03-22,Coolant shortage,Replaced cutting tool and added tool inspection schedule,2025-03-27
D0080,Surface Crack,MCH-132,Line-4,2025-02-02,Worn-out die,Calibrated equipment and updated calibration logs,2025-02-04
D0081,Misalignment,MCH-329,Line-1,2025-02-25,Improper calibration,Introduced torque check checklist and operator training,2025-02-26
D0082,Welding Porosity,MCH-207,Line-4,2025-07-10,Seal failure,Replaced seal and added pressure monitoring,2025-07-15
D0083,Dimension Out of Tolerance,MCH-341,Line-3,2025-05-12,Loose wiring,Refilled coolant tank and fixed coolant flow sensor,2025-05-15
D0084,Welding Porosity,MCH-290,Line-4,2025-06-23,Gas flow inconsistency,Calibrated oven temperature and added monitoring alert,2025-06-28
D0085,Burr Formation,MCH-480,Line-1,2025-02-09,Seal failure,Calibrated equipment and updated calibration logs,2025-02-12
D0086,Leakage,MCH-281,Line-1,2025-02-11,Seal failure,Replaced gas regulator and trained operator,2025-02-16
D0087,Burr Formation,MCH-249,Line-5,2025-07-19,High machine vibration,Calibrated equipment and updated calibration logs,2025-07-23
D0088,Dimension Out of Tolerance,MCH-253,Line-2,2025-01-22,Improper calibration,Calibrated equipment and updated calibration logs,2025-01-26
D0089,Electrical Failure,MCH-329,Line-1,2025-09-02,Coolant shortage,Calibrated equipment and updated calibration logs,2025-09-03
D0090,Dimension Out of Tolerance,MCH-101,Line-3,2025-01-13,Gas flow inconsistency,Calibrated oven temperature and added monitoring alert,2025-01-14
D0091,Burr Formation,MCH-112,Line-2,2025-05-13,Gas flow inconsistency,Calibrated equipment and updated calibration logs,2025-05-16
D0092,Dimension Out of Tolerance,MCH-346,Line-3,2025-04-29,Coolant shortage,Replaced seal and added pressure monitoring,2025-05-04
D0093,Dimension Out of Tolerance,MCH-314,Line-1,2025-05-30,Operator error,Replaced gas regulator and trained operator,2025-06-03
D0094,Overheating,MCH-303,Line-2,2025-03-30,Gas flow inconsistency,Refilled coolant tank and fixed coolant flow sensor,2025-03-31
D0095,Dimension Out of Tolerance,MCH-171,Line-2,2025-03-05,Seal failure,Introduced torque check checklist and operator training,2025-03-10
D0096,Electrical Failure,MCH-127,Line-3,2025-03-02,Operator error,Calibrated equipment and updated calibration logs,2025-03-06
D0097,Dimension Out of Tolerance,MCH-187,Line-1,2025-07-27,Loose wiring,Replaced cutting tool and added tool inspection schedule,2025-08-01
D0098,Electrical Failure,MCH-400,Line-2,2025-01-26,Gas flow inconsistency,Replaced seal and added pressure monitoring,2025-01-29
D0099,Surface Crack,MCH-261,Line-3,2025-08-08,Coolant shortage,Refilled coolant tank and fixed coolant flow sensor,2025-08-09
D0100,Surface Crack,MCH-201,Line-5,2025-07-21,Improper calibration,Calibrated oven temperature and added monitoring alert,2025-07-24
D0101,Welding Porosity,MCH-219,Line-3,2025-01-08,Tool wear,Introduced torque check checklist and operator training,2025-01-12
D0102,Paint Peeling,MCH-321,Line-5,2025-02-26,Coolant shortage,Secured wiring and scheduled preventive inspection,2025-02-28
D0103,Surface Crack,MCH-281,Line-5,2025-05-22,Coolant shortage,Calibrated equipment and updated calibration logs,2025-05-26
D0104,Electrical Failure,MCH-234,Line-4,2025-01-28,Loose wiring,Introduced torque check checklist and operator training,2025-01-30
D0105,Burr Formation,MCH-326,Line-1,2025-06-12,Tool wear,Polished die and added regular inspection routine,2025-06-13
D0106,Overheating,MCH-212,Line-3,2025-06-21,Loose wiring,Calibrated oven temperature and added monitoring alert,2025-06-23
D0107,Surface Crack,MCH-381,Line-5,2025-04-20,Tool wear,Adjusted machine alignment and replaced worn-out bearings,2025-04-25
D0108,Burr Formation,MCH-100,Line-4,2025-09-14,Improper curing temperature,Introduced torque check checklist and operator training,2025-09-17
D0109,Surface Crack,MCH-396,Line-3,2025-03-28,Operator error,Refilled coolant tank and fixed coolant flow sensor,2025-04-01
D0110,Dimension Out of Tolerance,MCH-493,Line-4,2025-04-29,High machine vibration,Secured wiring and scheduled preventive inspection,2025-04-30
D0111,Loose Assembly,MCH-230,Line-1,2025-01-19,Operator error,Calibrated oven temperature and added monitoring alert,2025-01-22
D0112,Paint Peeling,MCH-409,Line-4,2025-04-06,Operator error,Introduced torque check checklist and operator training,2025-04-07
D0113,Leakage,MCH-407,Line-2,2025-06-10,Loose wiring,Refilled coolant tank and fixed coolant flow sensor,2025-06-15
D0114,Surface Crack,MCH-393,Line-4,2025-06-22,Tool wear,Replaced gas regulator and trained operator,2025-06-27
D0115,Overheating,MCH-116,Line-2,2025-05-15,Improper curing temperature,Introduced torque check checklist and operator training,2025-05-17
D0116,Electrical Failure,MCH-317,Line-5,2025-05-27,Improper calibration,Calibrated oven temperature and added monitoring alert,2025-05-30
D0117,Electrical Failure,MCH-437,Line-2,2025-08-30,Loose wiring,Calibrated oven temperature and added monitoring alert,2025-09-01
D0118,Dimension Out of Tolerance,MCH-172,Line-1,2025-06-10,Worn-out die,Adjusted machine alignment and replaced worn-out bearings,2025-06-12
D0119,Burr Formation,MCH-445,Line-1,2025-04-30,Coolant shortage,Polished die and added regular inspection routine,2025-05-03
D0120,Dimension Out of Tolerance,MCH-350,Line-3,2025-05-19,Operator error,Polished die and added regular inspection routine,2025-05-21
D0121,Dimension Out of Tolerance,MCH-213,Line-1,2025-04-30,Loose wiring,Replaced cutting tool and added tool inspection schedule,2025-05-04
D0122,Overheating,MCH-474,Line-4,2025-09-17,Seal failure,Refilled coolant tank and fixed coolant flow sensor,2025-09-20
D0123,Surface Crack,MCH-301,Line-4,2025-06-20,Tool wear,Secured wiring and scheduled preventive inspection,2025-06-21
D0124,Electrical Failure,MCH-178,Line-3,2025-08-29,Worn-out die,Secured wiring and scheduled preventive inspection,2025-09-02
D0125,Loose Assembly,MCH-429,Line-3,2025-03-09,Loose wiring,Introduced torque check checklist and operator training,2025-03-12
D0126,Surface Crack,MCH-431,Line-2,2025-04-18,Tool wear,Calibrated oven temperature and added monitoring alert,2025-04-19
D0127,Surface Crack,MCH-451,Line-4,2025-05-08,Coolant shortage,Calibrated oven temperature and added monitoring alert,2025-05-13
D0128,Leakage,MCH-262,Line-2,2025-01-01,Seal failure,Polished die and added regular inspection routine,2025-01-04
D0129,Welding Porosity,MCH-199,Line-4,2025-08-22,Improper curing temperature,Refilled coolant tank and fixed coolant flow sensor,2025-08-25
D0130,Electrical Failure,MCH-160,Line-4,2025-01-11,Operator error,Refilled coolant tank and fixed coolant flow sensor,2025-01-12
D0131,Electrical Failure,MCH-289,Line-1,2025-06-15,Gas flow inconsistency,Polished die and added regular inspection routine,2025-06-18
D0132,Welding Porosity,MCH-305,Line-4,2025-09-04,Coolant shortage,Replaced seal and added pressure monitoring,2025-09-09
D0133,Electrical Failure,MCH-337,Line-4,2025-06-15,Loose wiring,Replaced cutting tool and added tool inspection schedule,2025-06-19
D0134,Burr Formation,MCH-293,Line-5,2025-02-01,High machine vibration,Polished die and added regular inspection routine,2025-02-02
D0135,Electrical Failure,MCH-477,Line-5,2025-02-14,Operator error,Secured wiring and scheduled preventive inspection,2025-02-16
D0136,Misalignment,MCH-500,Line-5,2025-09-07,Improper curing temperature,Replaced gas regulator and trained operator,2025-09-09
D0137,Paint Peeling,MCH-244,Line-3,2025-07-31,Operator error,Calibrated oven temperature and added monitoring alert,2025-08-03
D0138,Burr Formation,MCH-310,Line-4,2025-01-17,Tool wear,Calibrated equipment and updated calibration logs,2025-01-18
D0139,Overheating,MCH-449,Line-5,2025-05-14,Worn-out die,Secured wiring and scheduled preventive inspection,2025-05-17
D0140,Surface Crack,MCH-277,Line-4,2025-05-08,Loose wiring,Secured wiring and scheduled preventive inspection,2025-05-11
D0141,Electrical Failure,MCH-202,Line-5,2025-06-19,Gas flow inconsistency,Polished die and added regular inspection routine,2025-06-22
D0142,Misalignment,MCH-403,Line-5,2025-01-13,Coolant shortage,Secured wiring and scheduled preventive inspection,2025-01-14
D0143,Dimension Out of Tolerance,MCH-409,Line-1,2025-01-10,Improper calibration,Calibrated oven temperature and added monitoring alert,2025-01-15
D0144,Paint Peeling,MCH-460,Line-4,2025-07-27,Gas flow inconsistency,Replaced cutting tool and added tool inspection schedule,2025-07-29
D0145,Leakage,MCH-351,Line-2,2025-06-12,Gas flow inconsistency,Polished die and added regular inspection routine,2025-06-13
D0146,Overheating,MCH-130,Line-1,2025-03-24,Operator error,Introduced torque check checklist and operator training,2025-03-26
D0147,Electrical Failure,MCH-381,Line-1,2025-06-25,Tool wear,Refilled coolant tank and fixed coolant flow sensor,2025-06-29
D0148,Loose Assembly,MCH-452,Line-4,2025-03-10,Improper curing temperature,Adjusted machine alignment and replaced worn-out bearings,2025-03-12
D0149,Electrical Failure,MCH-373,Line-4,2025-05-04,High machine vibration,Calibrated oven temperature and added monitoring alert,2025-05-06
D0150,Loose Assembly,MCH-321,Line-3,2025-01-09,Improper curing temperature,Polished die and added regular inspection routine,2025-01-13
D0151,Misalignment,MCH-406,Line-5,2025-06-14,Improper curing temperature,Refilled coolant tank and fixed coolant flow sensor,2025-06-15
D0152,Burr Formation,MCH-444,Line-5,2025-08-06,Tool wear,Secured wiring and scheduled preventive inspection,2025-08-09
D0153,Surface Crack,MCH-430,Line-2,2025-03-03,High machine vibration,Adjusted machine alignment and replaced worn-out bearings,2025-03-07
D0154,Welding Porosity,MCH-422,Line-3,2025-04-18,Improper curing temperature,Introduced torque check checklist and operator training,2025-04-19
D0155,Welding Porosity,MCH-438,Line-5,2025-07-18,Worn-out die,Calibrated oven temperature and added monitoring alert,2025-07-21
D0156,Burr Formation,MCH-117,Line-1,2025-04-26,Coolant shortage,Calibrated oven temperature and added monitoring alert,2025-05-01
D0157,Overheating,MCH-475,Line-1,2025-03-22,Seal failure,Calibrated oven temperature and added monitoring alert,2025-03-27
D0158,Leakage,MCH-370,Line-3,2025-04-08,Improper calibration,Refilled coolant tank and fixed coolant flow sensor,2025-04-13
D0159,Burr Formation,MCH-100,Line-3,2025-09-04,Tool wear,Adjusted machine alignment and replaced worn-out bearings,2025-09-07
D0160,Misalignment,MCH-445,Line-1,2025-09-01,Tool wear,Calibrated equipment and updated calibration logs,2025-09-02
D0161,Surface Crack,MCH-263,Line-2,2025-03-07,Seal failure,Calibrated equipment and updated calibration logs,2025-03-12
D0162,Surface Crack,MCH-306,Line-5,2025-09-06,Worn-out die,Replaced cutting tool and added tool inspection schedule,2025-09-09
D0163,Overheating,MCH-280,Line-4,2025-04-24,Worn-out die,Secured wiring and scheduled preventive inspection,2025-04-28
D0164,Paint Peeling,MCH-149,Line-5,2025-06-25,Improper curing temperature,Calibrated oven temperature and added monitoring alert,2025-06-30
D0165,Misalignment,MCH-367,Line-5,2025-07-27,Loose wiring,Refilled coolant tank and fixed coolant flow sensor,2025-08-01
D0166,Leakage,MCH-174,Line-5,2025-01-11,Improper curing temperature,Replaced seal and added pressure monitoring,2025-01-16
D0167,Loose Assembly,MCH-281,Line-2,2025-02-06,Coolant shortage,Refilled coolant tank and fixed coolant flow sensor,2025-02-11
D0168,Paint Peeling,MCH-273,Line-5,2025-03-27,Tool wear,Calibrated oven temperature and added monitoring alert,2025-03-30
D0169,Paint Peeling,MCH-369,Line-2,2025-01-23,Loose wiring,Replaced cutting tool and added tool inspection schedule,2025-01-28
D0170,Overheating,MCH-495,Line-5,2025-04-20,Seal failure,Replaced seal and added pressure monitoring,2025-04-22
D0171,Welding Porosity,MCH-378,Line-5,2025-02-08,Loose wiring,Replaced seal and added pressure monitoring,2025-02-10
D0172,Welding Porosity,MCH-280,Line-2,2025-01-20,Seal failure,Adjusted machine alignment and replaced worn-out bearings,2025-01-21
D0173,Paint Peeling,MCH-239,Line-3,2025-04-14,Worn-out die,Adjusted machine alignment and replaced worn-out bearings,2025-04-15
D0174,Burr Formation,MCH-438,Line-1,2025-08-23,High machine vibration,Introduced torque check checklist and operator training,2025-08-25
D0175,Loose Assembly,MCH-482,Line-5,2025-04-29,Operator error,Replaced gas regulator and trained operator,2025-04-30
D0176,Burr Formation,MCH-292,Line-5,2025-03-26,Seal failure,Replaced gas regulator and trained operator,2025-03-27
D0177,Paint Peeling,MCH-499,Line-4,2025-06-23,Loose wiring,Replaced gas regulator and trained operator,2025-06-24
D0178,Loose Assembly,MCH-173,Line-1,2025-08-16,Gas flow inconsistency,Replaced cutting tool and added tool inspection schedule,2025-08-17
D0179,Paint Peeling,MCH-304,Line-3,2025-09-08,High machine vibration,Adjusted machine alignment and replaced worn-out bearings,2025-09-10
D0180,Surface Crack,MCH-389,Line-2,2025-03-28,Operator error,Replaced gas regulator and trained operator,2025-03-29
D0181,Loose Assembly,MCH-126,Line-5,2025-04-29,Coolant shortage,Refilled coolant tank and fixed coolant flow sensor,2025-05-03
D0182,Electrical Failure,MCH-125,Line-1,2025-08-11,Coolant shortage,Polished die and added regular inspection routine,2025-08-16
D0183,Welding Porosity,MCH-248,Line-1,2025-09-05,Improper curing temperature,Introduced torque check checklist and operator training,2025-09-10
D0184,Loose Assembly,MCH-150,Line-3,2025-01-03,Loose wiring,Polished die and added regular inspection routine,2025-01-06
D0185,Burr Formation,MCH-407,Line-5,2025-06-24,Coolant shortage,Adjusted machine alignment and replaced worn-out bearings,2025-06-27
D0186,Misalignment,MCH-395,Line-4,2025-08-26,Worn-out die,Calibrated oven temperature and added monitoring alert,2025-08-29
D0187,Leakage,MCH-194,Line-3,2025-08-04,Operator error,Refilled coolant tank and fixed coolant flow sensor,2025-08-08
D0188,Welding Porosity,MCH-131,Line-4,2025-03-31,High machine vibration,Refilled coolant tank and fixed coolant flow sensor,2025-04-02
D0189,Dimension Out of Tolerance,MCH-229,Line-5,2025-03-23,High machine vibration,Secured wiring and scheduled preventive inspection,2025-03-27
D0190,Loose Assembly,MCH-443,Line-5,2025-07-23,Loose wiring,Secured wiring and scheduled preventive inspection,2025-07-28
D0191,Burr Formation,MCH-500,Line-1,2025-03-29,Gas flow inconsistency,Secured wiring and scheduled preventive inspection,2025-04-01
D0192,Loose Assembly,MCH-361,Line-4,2025-02-22,Coolant shortage,Calibrated equipment and updated calibration logs,2025-02-23
D0193,Electrical Failure,MCH-223,Line-5,2025-07-23,Improper calibration,Introduced torque check checklist and operator training,2025-07-28
D0194,Welding Porosity,MCH-137,Line-3,2025-07-23,Improper calibration,Calibrated equipment and updated calibration logs,2025-07-27
D0195,Electrical Failure,MCH-248,Line-5,2025-05-21,Coolant shortage,Adjusted machine alignment and replaced worn-out bearings,2025-05-25
D0196,Surface Crack,MCH-409,Line-5,2025-08-30,Tool wear,Calibrated equipment and updated calibration logs,2025-08-31
D0197,Loose Assembly,MCH-392,Line-4,2025-07-02,Worn-out die,Replaced gas regulator and trained operator,2025-07-04
D0198,Overheating,MCH-349,Line-4,2025-01-14,Operator error,Introduced torque check checklist and operator training,2025-01-17
D0199,Misalignment,MCH-281,Line-5,2025-08-31,Operator error,Secured wiring and scheduled preventive inspection,2025-09-04
D0200,Overheating,MCH-460,Line-3,2025-06-18,Operator error,Secured wiring and scheduled preventive inspection,2025-06-19
D0201,Paint Peeling,MCH-137,Line-5,2025-07-28,Improper curing temperature,Calibrated equipment and updated calibration logs,2025-07-29
D0202,Burr Formation,MCH-178,Line-2,2025-09-18,Tool wear,Polished die and added regular inspection routine,2025-09-20
D0203,Welding Porosity,MCH-288,Line-4,2025-05-21,High machine vibration,Adjusted machine alignment and replaced worn-out bearings,2025-05-25
D0204,Dimension Out of Tolerance,MCH-330,Line-5,2025-04-11,Gas flow inconsistency,Calibrated oven temperature and added monitoring alert,2025-04-14
D0205,Dimension Out of Tolerance,MCH-289,Line-3,2025-08-05,Loose wiring,Calibrated equipment and updated calibration logs,2025-08-06
D0206,Surface Crack,MCH-121,Line-4,2025-02-07,Loose wiring,Refilled coolant tank and fixed coolant flow sensor,2025-02-09
D0207,Misalignment,MCH-172,Line-1,2025-06-14,Operator error,Introduced torque check checklist and operator training,2025-06-18
D0208,Loose Assembly,MCH-373,Line-1,2025-05-17,Coolant shortage,Secured wiring and scheduled preventive inspection,2025-05-21
D0209,Overheating,MCH-111,Line-1,2025-02-28,Gas flow inconsistency,Calibrated oven temperature and added monitoring alert,2025-03-03
D0210,Loose Assembly,MCH-238,Line-3,2025-05-24,High machine vibration,Polished die and added regular inspection routine,2025-05-26
D0211,Overheating,MCH-137,Line-2,2025-01-19,High machine vibration,Replaced gas regulator and trained operator,2025-01-23
D0212,Leakage,MCH-285,Line-2,2025-01-10,Worn-out die,Calibrated oven temperature and added monitoring alert,2025-01-14
D0213,Burr Formation,MCH-259,Line-2,2025-08-29,Loose wiring,Calibrated equipment and updated calibration logs,2025-08-31
D0214,Electrical Failure,MCH-164,Line-5,2025-06-25,High machine vibration,Secured wiring and scheduled preventive inspection,2025-06-27
D0215,Burr Formation,MCH-466,Line-1,2025-06-19,Loose wiring,Replaced cutting tool and added tool inspection schedule,2025-06-22
D0216,Electrical Failure,MCH-484,Line-3,2025-09-06,Improper curing temperature,Replaced gas regulator and trained operator,2025-09-07
D0217,Dimension Out of Tolerance,MCH-220,Line-3,2025-04-26,Loose wiring,Adjusted machine alignment and replaced worn-out bearings,2025-04-28
D0218,Burr Formation,MCH-466,Line-3,2025-06-10,Worn-out die,Polished die and added regular inspection routine,2025-06-15
D0219,Loose Assembly,MCH-191,Line-2,2025-03-02,Worn-out die,Secured wiring and scheduled preventive inspection,2025-03-06
D0220,Dimension Out of Tolerance,MCH-150,Line-1,2025-01-22,Worn-out die,Calibrated oven temperature and added monitoring alert,2025-01-26
D0221,Burr Formation,MCH-244,Line-5,2025-03-31,Operator error,Refilled coolant tank and fixed coolant flow sensor,2025-04-04
D0222,Welding Porosity,MCH-396,Line-3,2025-04-07,Tool wear,Polished die and added regular inspection routine,2025-04-10
D0223,Loose Assembly,MCH-148,Line-4,2025-08-26,Improper calibration,Calibrated equipment and updated calibration logs,2025-08-30
D0224,Overheating,MCH-365,Line-4,2025-09-01,High machine vibration,Calibrated equipment and updated calibration logs,2025-09-02
D0225,Welding Porosity,MCH-304,Line-3,2025-02-13,Coolant shortage,Calibrated oven temperature and added monitoring alert,2025-02-17
D0226,Burr Formation,MCH-444,Line-2,2025-08-18,Seal failure,Introduced torque check checklist and operator training,2025-08-21
D0227,Surface Crack,MCH-116,Line-3,2025-08-08,Operator error,Replaced seal and added pressure monitoring,2025-08-13
D0228,Paint Peeling,MCH-285,Line-4,2025-02-22,Worn-out die,Adjusted machine alignment and replaced worn-out bearings,2025-02-25
D0229,Overheating,MCH-312,Line-1,2025-08-23,Coolant shortage,Refilled coolant tank and fixed coolant flow sensor,2025-08-26
D0230,Leakage,MCH-248,Line-3,2025-02-15,Tool wear,Calibrated equipment and updated calibration logs,2025-02-19
D0231,Electrical Failure,MCH-308,Line-3,2025-09-10,Coolant shortage,Replaced cutting tool and added tool inspection schedule,2025-09-15
D0232,Misalignment,MCH-492,Line-3,2025-07-15,Coolant shortage,Introduced torque check checklist and operator training,2025-07-19
D0233,Misalignment,MCH-145,Line-5,2025-01-08,Operator error,Secured wiring and scheduled preventive inspection,2025-01-11
D0234,Welding Porosity,MCH-444,Line-4,2025-01-06,Tool wear,Replaced gas regulator and trained operator,2025-01-11
D0235,Leakage,MCH-452,Line-5,2025-04-22,High machine vibration,Calibrated equipment and updated calibration logs,2025-04-23
D0236,Electrical Failure,MCH-440,Line-2,2025-07-16,Improper calibration,Calibrated oven temperature and added monitoring alert,2025-07-21
D0237,Surface Crack,MCH-278,Line-3,2025-03-13,Tool wear,Calibrated oven temperature and added monitoring alert,2025-03-17
D0238,Leakage,MCH-348,Line-4,2025-09-11,Tool wear,Introduced torque check checklist and operator training,2025-09-12
D0239,Electrical Failure,MCH-335,Line-2,2025-03-28,Tool wear,Adjusted machine alignment and replaced worn-out bearings,2025-04-01
D0240,Loose Assembly,MCH-212,Line-5,2025-05-28,Improper curing temperature,Introduced torque check checklist and operator training,2025-06-01
D0241,Paint Peeling,MCH-228,Line-3,2025-08-21,Coolant shortage,Secured wiring and scheduled preventive inspection,2025-08-24
D0242,Surface Crack,MCH-336,Line-1,2025-09-15,Gas flow inconsistency,Replaced seal and added pressure monitoring,2025-09-19
D0243,Surface Crack,MCH-368,Line-5,2025-06-18,Operator error,Calibrated oven temperature and added monitoring alert,2025-06-23
D0244,Overheating,MCH-307,Line-4,2025-03-21,Loose wiring,Secured wiring and scheduled preventive inspection,2025-03-26
D0245,Dimension Out of Tolerance,MCH-170,Line-2,2025-08-30,Worn-out die,Adjusted machine alignment and replaced worn-out bearings,2025-09-04
D0246,Misalignment,MCH-116,Line-5,2025-06-05,Loose wiring,Adjusted machine alignment and replaced worn-out bearings,2025-06-10
D0247,Paint Peeling,MCH-374,Line-1,2025-08-09,Improper calibration,Refilled coolant tank and fixed coolant flow sensor,2025-08-14
D0248,Surface Crack,MCH-170,Line-1,2025-07-11,Tool wear,Refilled coolant tank and fixed coolant flow sensor,2025-07-14
D0249,Leakage,MCH-460,Line-2,2025-05-17,Worn-out die,Secured wiring and scheduled preventive inspection,2025-05-22
D0250,Leakage,MCH-127,Line-4,2025-08-07,Seal failure,Replaced gas regulator and trained operator,2025-08-09
D0251,Burr Formation,MCH-433,Line-4,2025-05-20,Tool wear,Replaced gas regulator and trained operator,2025-05-23
D0252,Misalignment,MCH-433,Line-5,2025-03-16,Tool wear,Replaced cutting tool and added tool inspection schedule,2025-03-19
D0253,Electrical Failure,MCH-470,Line-4,2025-04-06,Tool wear,Calibrated equipment and updated calibration logs,2025-04-08
D0254,Dimension Out of Tolerance,MCH-384,Line-1,2025-02-22,High machine vibration,Calibrated oven temperature and added monitoring alert,2025-02-23
D0255,Overheating,MCH-146,Line-1,2025-03-26,Tool wear,Refilled coolant tank and fixed coolant flow sensor,2025-03-30
D0256,Leakage,MCH-302,Line-3,2025-05-08,Coolant shortage,Calibrated equipment and updated calibration logs,2025-05-13
D0257,Welding Porosity,MCH-413,Line-2,2025-06-25,Loose wiring,Calibrated equipment and updated calibration logs,2025-06-27
D0258,Misalignment,MCH-468,Line-1,2025-04-19,Worn-out die,Secured wiring and scheduled preventive inspection,2025-04-20
D0259,Dimension Out of Tolerance,MCH-406,Line-2,2025-03-03,Coolant shortage,Adjusted machine alignment and replaced worn-out bearings,2025-03-04
D0260,Surface Crack,MCH-290,Line-3,2025-01-25,Gas flow inconsistency,Replaced seal and added pressure monitoring,2025-01-29
D0261,Leakage,MCH-111,Line-2,2025-03-14,High machine vibration,Introduced torque check checklist and operator training,2025-03-18
D0262,Loose Assembly,MCH-189,Line-4,2025-08-09,Operator error,Replaced cutting tool and added tool inspection schedule,2025-08-12
D0263,Misalignment,MCH-332,Line-3,2025-07-01,Improper calibration,Calibrated oven temperature and added monitoring alert,2025-07-05
D0264,Paint Peeling,MCH-383,Line-1,2025-01-25,Tool wear,Calibrated equipment and updated calibration logs,2025-01-27
D0265,Loose Assembly,MCH-214,Line-3,2025-03-10,Improper calibration,Calibrated oven temperature and added monitoring alert,2025-03-13
D0266,Surface Crack,MCH-467,Line-3,2025-08-29,Improper calibration,Adjusted machine alignment and replaced worn-out bearings,2025-08-31
D0267,Loose Assembly,MCH-133,Line-5,2025-07-15,Worn-out die,Secured wiring and scheduled preventive inspection,2025-07-18
D0268,Welding Porosity,MCH-263,Line-2,2025-06-06,High machine vibration,Replaced cutting tool and added tool inspection schedule,2025-06-08
D0269,Loose Assembly,MCH-412,Line-3,2025-03-05,Worn-out die,Calibrated oven temperature and added monitoring alert,2025-03-07
D0270,Leakage,MCH-213,Line-2,2025-06-22,Coolant shortage,Secured wiring and scheduled preventive inspection,2025-06-24
D0271,Leakage,MCH-338,Line-1,2025-06-18,Seal failure,Replaced gas regulator and trained operator,2025-06-19
D0272,Dimension Out of Tolerance,MCH-323,Line-1,2025-06-06,High machine vibration,Refilled coolant tank and fixed coolant flow sensor,2025-06-09
D0273,Dimension Out of Tolerance,MCH-316,Line-1,2025-07-23,Improper curing temperature,Polished die and added regular inspection routine,2025-07-25
D0274,Paint Peeling,MCH-325,Line-5,2025-08-07,Worn-out die,Adjusted machine alignment and replaced worn-out bearings,2025-08-08
D0275,Surface Crack,MCH-304,Line-3,2025-08-26,High machine vibration,Polished die and added regular inspection routine,2025-08-28
D0276,Leakage,MCH-335,Line-3,2025-02-03,Improper calibration,Replaced cutting tool and added tool inspection schedule,2025-02-06
D0277,Leakage,MCH-457,Line-1,2025-05-06,Improper calibration,Introduced torque check checklist and operator training,2025-05-08
D0278,Electrical Failure,MCH-289,Line-2,2025-04-04,Seal failure,Adjusted machine alignment and replaced worn-out bearings,2025-04-07
D0279,Surface Crack,MCH-211,Line-2,2025-07-17,High machine vibration,Calibrated equipment and updated calibration logs,2025-07-21
D0280,Loose Assembly,MCH-140,Line-2,2025-07-10,High machine vibration,Replaced gas regulator and trained operator,2025-07-13
D0281,Paint Peeling,MCH-195,Line-3,2025-08-20,Operator error,Secured wiring and scheduled preventive inspection,2025-08-23
D0282,Surface Crack,MCH-354,Line-3,2025-04-21,High machine vibration,Calibrated oven temperature and added monitoring alert,2025-04-23
D0283,Welding Porosity,MCH-227,Line-4,2025-03-29,High machine vibration,Adjusted machine alignment and replaced worn-out bearings,2025-04-03
D0284,Leakage,MCH-289,Line-4,2025-04-20,Loose wiring,Adjusted machine alignment and replaced worn-out bearings,2025-04-25
D0285,Misalignment,MCH-432,Line-5,2025-07-28,Tool wear,Calibrated oven temperature and added monitoring alert,2025-07-30
D0286,Loose Assembly,MCH-232,Line-5,2025-03-15,High machine vibration,Replaced gas regulator and trained operator,2025-03-17
D0287,Electrical Failure,MCH-311,Line-4,2025-01-08,Loose wiring,Introduced torque check checklist and operator training,2025-01-10
D0288,Paint Peeling,MCH-236,Line-2,2025-03-22,Loose wiring,Adjusted machine alignment and replaced worn-out bearings,2025-03-24
D0289,Misalignment,MCH-182,Line-4,2025-08-13,Improper curing temperature,Polished die and added regular inspection routine,2025-08-15
D0290,Dimension Out of Tolerance,MCH-364,Line-5,2025-08-08,Gas flow inconsistency,Replaced gas regulator and trained operator,2025-08-11
D0291,Misalignment,MCH-221,Line-5,2025-01-25,Operator error,Calibrated oven temperature and added monitoring alert,2025-01-30
D0292,Overheating,MCH-327,Line-4,2025-04-25,Gas flow inconsistency,Replaced seal and added pressure monitoring,2025-04-28
D0293,Loose Assembly,MCH-330,Line-3,2025-06-01,Improper calibration,Refilled coolant tank and fixed coolant flow sensor,2025-06-03
D0294,Paint Peeling,MCH-474,Line-2,2025-01-28,Coolant shortage,Replaced seal and added pressure monitoring,2025-01-30
D0295,Electrical Failure,MCH-279,Line-4,2025-02-06,Gas flow inconsistency,Refilled coolant tank and fixed coolant flow sensor,2025-02-11
D0296,Loose Assembly,MCH-333,Line-5,2025-07-31,Tool wear,Polished die and added regular inspection routine,2025-08-03
D0297,Loose Assembly,MCH-152,Line-4,2025-08-22,Worn-out die,Secured wiring and scheduled preventive inspection,2025-08-24
D0298,Misalignment,MCH-220,Line-3,2025-04-03,Worn-out die,Replaced cutting tool and added tool inspection schedule,2025-04-07
D0299,Electrical Failure,MCH-193,Line-4,2025-02-23,Operator error,Polished die and added regular inspection routine,2025-02-24
D0300,Misalignment,MCH-436,Line-5,2025-02-11,Operator error,Replaced gas regulator and trained operator,2025-02-14
D0301,Misalignment,MCH-259,Line-4,2025-06-21,Improper calibration,Refilled coolant tank and fixed coolant flow sensor,2025-06-23
D0302,Burr Formation,MCH-421,Line-2,2025-06-14,Tool wear,Calibrated equipment and updated calibration logs,2025-06-17
D0303,Misalignment,MCH-311,Line-1,2025-01-31,Gas flow inconsistency,Calibrated equipment and updated calibration logs,2025-02-03
D0304,Overheating,MCH-136,Line-2,2025-09-17,Coolant shortage,Replaced cutting tool and added tool inspection schedule,2025-09-21
D0305,Loose Assembly,MCH-133,Line-2,2025-01-23,Gas flow inconsistency,Replaced seal and added pressure monitoring,2025-01-24
D0306,Dimension Out of Tolerance,MCH-356,Line-4,2025-08-04,Improper calibration,Refilled coolant tank and fixed coolant flow sensor,2025-08-06
D0307,Paint Peeling,MCH-316,Line-2,2025-09-18,Tool wear,Calibrated oven temperature and added monitoring alert,2025-09-22
D0308,Burr Formation,MCH-277,Line-5,2025-02-23,Coolant shortage,Replaced gas regulator and trained operator,2025-02-24
D0309,Misalignment,MCH-255,Line-3,2025-06-25,Worn-out die,Replaced seal and added pressure monitoring,2025-06-27
D0310,Welding Porosity,MCH-453,Line-3,2025-04-10,Tool wear,Replaced cutting tool and added tool inspection schedule,2025-04-11
D0311,Surface Crack,MCH-142,Line-1,2025-07-02,High machine vibration,Secured wiring and scheduled preventive inspection,2025-07-05
D0312,Electrical Failure,MCH-242,Line-4,2025-04-22,Tool wear,Calibrated equipment and updated calibration logs,2025-04-23
D0313,Dimension Out of Tolerance,MCH-342,Line-2,2025-09-12,High machine vibration,Replaced gas regulator and trained operator,2025-09-16
D0314,Overheating,MCH-483,Line-4,2025-09-17,High machine vibration,Refilled coolant tank and fixed coolant flow sensor,2025-09-18
D0315,Welding Porosity,MCH-459,Line-4,2025-02-13,Gas flow inconsistency,Polished die and added regular inspection routine,2025-02-15
D0316,Burr Formation,MCH-134,Line-2,2025-04-19,High machine vibration,Secured wiring and scheduled preventive inspection,2025-04-24
D0317,Welding Porosity,MCH-455,Line-4,2025-07-16,Tool wear,Secured wiring and scheduled preventive inspection,2025-07-18
D0318,Burr Formation,MCH-122,Line-3,2025-02-22,Coolant shortage,Calibrated equipment and updated calibration logs,2025-02-24
D0319,Surface Crack,MCH-442,Line-1,2025-04-19,High machine vibration,Secured wiring and scheduled preventive inspection,2025-04-21
D0320,Misalignment,MCH-117,Line-2,2025-05-04,Worn-out die,Replaced seal and added pressure monitoring,2025-05-09
D0321,Paint Peeling,MCH-315,Line-4,2025-02-07,High machine vibration,Calibrated oven temperature and added monitoring alert,2025-02-09
D0322,Welding Porosity,MCH-355,Line-2,2025-06-26,High machine vibration,Replaced seal and added pressure monitoring,2025-06-29
D0323,Misalignment,MCH-101,Line-3,2025-08-21,Worn-out die,Calibrated equipment and updated calibration logs,2025-08-25
D0324,Burr Formation,MCH-131,Line-2,2025-04-22,Improper calibration,Replaced seal and added pressure monitoring,2025-04-24
D0325,Welding Porosity,MCH-385,Line-2,2025-03-27,Worn-out die,Adjusted machine alignment and replaced worn-out bearings,2025-03-28
D0326,Dimension Out of Tolerance,MCH-369,Line-1,2025-05-30,Worn-out die,Adjusted machine alignment and replaced worn-out bearings,2025-06-01
D0327,Misalignment,MCH-483,Line-1,2025-02-08,Improper calibration,Polished die and added regular inspection routine,2025-02-13
D0328,Misalignment,MCH-254,Line-1,2025-01-10,Loose wiring,Secured wiring and scheduled preventive inspection,2025-01-14
D0329,Leakage,MCH-141,Line-4,2025-07-05,Seal failure,Replaced cutting tool and added tool inspection schedule,2025-07-08
D0330,Electrical Failure,MCH-234,Line-1,2025-01-25,Improper calibration,Refilled coolant tank and fixed coolant flow sensor,2025-01-28
D0331,Dimension Out of Tolerance,MCH-157,Line-4,2025-06-27,Seal failure,Introduced torque check checklist and operator training,2025-06-29
D0332,Welding Porosity,MCH-250,Line-5,2025-09-02,Tool wear,Adjusted machine alignment and replaced worn-out bearings,2025-09-06
D0333,Dimension Out of Tolerance,MCH-195,Line-3,2025-09-18,Loose wiring,Calibrated equipment and updated calibration logs,2025-09-20
D0334,Paint Peeling,MCH-192,Line-1,2025-08-25,Operator error,Polished die and added regular inspection routine,2025-08-30
D0335,Electrical Failure,MCH-224,Line-5,2025-03-15,Coolant shortage,Refilled coolant tank and fixed coolant flow sensor,2025-03-19
D0336,Dimension Out of Tolerance,MCH-239,Line-5,2025-01-11,Worn-out die,Replaced seal and added pressure monitoring,2025-01-14
D0337,Paint Peeling,MCH-105,Line-4,2025-07-12,Worn-out die,Calibrated oven temperature and added monitoring alert,2025-07-13
D0338,Surface Crack,MCH-147,Line-4,2025-02-09,Coolant shortage,Adjusted machine alignment and replaced worn-out bearings,2025-02-14
D0339,Burr Formation,MCH-371,Line-3,2025-07-09,Gas flow inconsistency,Introduced torque check checklist and operator training,2025-07-12
D0340,Misalignment,MCH-224,Line-1,2025-08-12,High machine vibration,Introduced torque check checklist and operator training,2025-08-14
D0341,Paint Peeling,MCH-420,Line-3,2025-02-18,Gas flow inconsistency,Replaced cutting tool and added tool inspection schedule,2025-02-23
D0342,Welding Porosity,MCH-183,Line-1,2025-06-07,Loose wiring,Replaced seal and added pressure monitoring,2025-06-08
D0343,Loose Assembly,MCH-135,Line-5,2025-04-21,Tool wear,Replaced seal and added pressure monitoring,2025-04-26
D0344,Electrical Failure,MCH-284,Line-1,2025-04-30,Tool wear,Refilled coolant tank and fixed coolant flow sensor,2025-05-03
D0345,Loose Assembly,MCH-395,Line-3,2025-08-08,Seal failure,Replaced seal and added pressure monitoring,2025-08-12
D0346,Loose Assembly,MCH-339,Line-5,2025-08-16,Gas flow inconsistency,Adjusted machine alignment and replaced worn-out bearings,2025-08-20
D0347,Misalignment,MCH-426,Line-5,2025-01-29,Seal failure,Replaced cutting tool and added tool inspection schedule,2025-01-31
D0348,Loose Assembly,MCH-421,Line-5,2025-01-17,Gas flow inconsistency,Refilled coolant tank and fixed coolant flow sensor,2025-01-22
D0349,Burr Formation,MCH-446,Line-2,2025-01-16,Improper curing temperature,Replaced cutting tool and added tool inspection schedule,2025-01-21
D0350,Leakage,MCH-315,Line-3,2025-01-07,Worn-out die,Replaced cutting tool and added tool inspection schedule,2025-01-12
D0351,Electrical Failure,MCH-372,Line-5,2025-04-05,Coolant shortage,Replaced cutting tool and added tool inspection schedule,2025-04-06
D0352,Welding Porosity,MCH-303,Line-4,2025-05-12,Operator error,Introduced torque check checklist and operator training,2025-05-15
D0353,Burr Formation,MCH-139,Line-1,2025-06-30,Operator error,Introduced torque check checklist and operator training,2025-07-04
D0354,Dimension Out of Tolerance,MCH-292,Line-2,2025-05-30,Operator error,Polished die and added regular inspection routine,2025-05-31
D0355,Surface Crack,MCH-466,Line-5,2025-09-06,Worn-out die,Polished die and added regular inspection routine,2025-09-08
D0356,Paint Peeling,MCH-272,Line-3,2025-01-24,Loose wiring,Refilled coolant tank and fixed coolant flow sensor,2025-01-29
D0357,Surface Crack,MCH-453,Line-5,2025-09-02,Improper calibration,Adjusted machine alignment and replaced worn-out bearings,2025-09-06
D0358,Loose Assembly,MCH-185,Line-3,2025-03-18,Worn-out die,Refilled coolant tank and fixed coolant flow sensor,2025-03-23
D0359,Leakage,MCH-204,Line-2,2025-03-13,Improper curing temperature,Calibrated oven temperature and added monitoring alert,2025-03-18
D0360,Loose Assembly,MCH-384,Line-1,2025-09-17,Operator error,Calibrated equipment and updated calibration logs,2025-09-22
D0361,Overheating,MCH-380,Line-1,2025-08-22,Loose wiring,Adjusted machine alignment and replaced worn-out bearings,2025-08-26
D0362,Overheating,MCH-456,Line-2,2025-09-11,Gas flow inconsistency,Replaced seal and added pressure monitoring,2025-09-16
D0363,Paint Peeling,MCH-351,Line-3,2025-03-30,Worn-out die,Calibrated equipment and updated calibration logs,2025-04-04
D0364,Loose Assembly,MCH-142,Line-2,2025-09-05,Seal failure,Refilled coolant tank and fixed coolant flow sensor,2025-09-10
D0365,Leakage,MCH-430,Line-5,2025-06-27,Coolant shortage,Introduced torque check checklist and operator training,2025-06-28
D0366,Misalignment,MCH-395,Line-2,2025-07-12,High machine vibration,Calibrated equipment and updated calibration logs,2025-07-13
D0367,Surface Crack,MCH-479,Line-3,2025-02-28,Improper calibration,Secured wiring and scheduled preventive inspection,2025-03-05
D0368,Overheating,MCH-266,Line-5,2025-07-27,High machine vibration,Introduced torque check checklist and operator training,2025-08-01
D0369,Dimension Out of Tolerance,MCH-441,Line-5,2025-01-06,Coolant shortage,Introduced torque check checklist and operator training,2025-01-08
D0370,Welding Porosity,MCH-184,Line-1,2025-05-19,Gas flow inconsistency,Calibrated equipment and updated calibration logs,2025-05-24
D0371,Welding Porosity,MCH-499,Line-1,2025-02-18,Gas flow inconsistency,Replaced gas regulator and trained operator,2025-02-23
D0372,Paint Peeling,MCH-269,Line-2,2025-05-19,Improper calibration,Introduced torque check checklist and operator training,2025-05-21
D0373,Loose Assembly,MCH-261,Line-3,2025-07-25,Worn-out die,Introduced torque check checklist and operator training,2025-07-29
D0374,Surface Crack,MCH-451,Line-1,2025-02-05,Loose wiring,Replaced cutting tool and added tool inspection schedule,2025-02-09
D0375,Burr Formation,MCH-163,Line-5,2025-02-16,Improper curing temperature,Secured wiring and scheduled preventive inspection,2025-02-17
D0376,Overheating,MCH-348,Line-4,2025-04-29,Operator error,Secured wiring and scheduled preventive inspection,2025-05-04
D0377,Loose Assembly,MCH-431,Line-1,2025-02-15,Loose wiring,Calibrated oven temperature and added monitoring alert,2025-02-16
D0378,Dimension Out of Tolerance,MCH-144,Line-5,2025-04-12,Improper calibration,Secured wiring and scheduled preventive inspection,2025-04-15
D0379,Burr Formation,MCH-104,Line-4,2025-07-31,Operator error,Calibrated equipment and updated calibration logs,2025-08-05
D0380,Paint Peeling,MCH-299,Line-1,2025-06-11,Coolant shortage,Introduced torque check checklist and operator training,2025-06-14
D0381,Welding Porosity,MCH-344,Line-3,2025-07-04,Improper calibration,Calibrated equipment and updated calibration logs,2025-07-05
D0382,Overheating,MCH-107,Line-4,2025-03-08,Improper curing temperature,Replaced cutting tool and added tool inspection schedule,2025-03-12
D0383,Overheating,MCH-389,Line-5,2025-06-22,Gas flow inconsistency,Calibrated equipment and updated calibration logs,2025-06-25
D0384,Overheating,MCH-370,Line-4,2025-01-04,Improper curing temperature,Replaced gas regulator and trained operator,2025-01-05
D0385,Leakage,MCH-183,Line-5,2025-01-03,Loose wiring,Refilled coolant tank and fixed coolant flow sensor,2025-01-04
D0386,Dimension Out of Tolerance,MCH-492,Line-2,2025-02-04,Improper calibration,Secured wiring and scheduled preventive inspection,2025-02-09
D0387,Electrical Failure,MCH-284,Line-3,2025-03-13,Gas flow inconsistency,Refilled coolant tank and fixed coolant flow sensor,2025-03-18
D0388,Paint Peeling,MCH-234,Line-1,2025-05-01,Tool wear,Calibrated oven temperature and added monitoring alert,2025-05-06
D0389,Electrical Failure,MCH-406,Line-1,2025-07-03,Coolant shortage,Secured wiring and scheduled preventive inspection,2025-07-06
D0390,Electrical Failure,MCH-249,Line-2,2025-01-28,Tool wear,Adjusted machine alignment and replaced worn-out bearings,2025-01-30
D0391,Misalignment,MCH-310,Line-2,2025-07-19,Loose wiring,Calibrated equipment and updated calibration logs,2025-07-21
D0392,Dimension Out of Tolerance,MCH-223,Line-2,2025-05-11,Gas flow inconsistency,Replaced cutting tool and added tool inspection schedule,2025-05-15
D0393,Overheating,MCH-439,Line-4,2025-04-27,Improper curing temperature,Adjusted machine alignment and replaced worn-out bearings,2025-04-30
D0394,Paint Peeling,MCH-301,Line-2,2025-08-04,Coolant shortage,Calibrated equipment and updated calibration logs,2025-08-09
D0395,Surface Crack,MCH-264,Line-2,2025-05-23,Worn-out die,Introduced torque check checklist and operator training,2025-05-26
D0396,Leakage,MCH-474,Line-1,2025-07-01,High machine vibration,Polished die and added regular inspection routine,2025-07-06
D0397,Welding Porosity,MCH-494,Line-2,2025-07-04,Gas flow inconsistency,Introduced torque check checklist and operator training,2025-07-07
D0398,Overheating,MCH-379,Line-1,2025-09-15,Improper curing temperature,Adjusted machine alignment and replaced worn-out bearings,2025-09-17
D0399,Overheating,MCH-110,Line-3,2025-03-08,Gas flow inconsistency,Polished die and added regular inspection routine,2025-03-12
D0400,Surface Crack,MCH-297,Line-1,2025-05-16,High machine vibration,Refilled coolant tank and fixed coolant flow sensor,2025-05-20
D0401,Paint Peeling,MCH-319,Line-4,2025-01-25,Operator error,Secured wiring and scheduled preventive inspection,2025-01-29
D0402,Burr Formation,MCH-484,Line-1,2025-02-15,Worn-out die,Calibrated equipment and updated calibration logs,2025-02-17
D0403,Electrical Failure,MCH-359,Line-4,2025-07-08,High machine vibration,Adjusted machine alignment and replaced worn-out bearings,2025-07-10
D0404,Welding Porosity,MCH-248,Line-4,2025-07-30,Tool wear,Polished die and added regular inspection routine,2025-08-03
D0405,Misalignment,MCH-331,Line-1,2025-05-13,Improper curing temperature,Polished die and added regular inspection routine,2025-05-18
D0406,Burr Formation,MCH-267,Line-2,2025-06-25,Operator error,Calibrated oven temperature and added monitoring alert,2025-06-26
D0407,Loose Assembly,MCH-417,Line-4,2025-08-13,Tool wear,Refilled coolant tank and fixed coolant flow sensor,2025-08-14
D0408,Leakage,MCH-141,Line-4,2025-06-24,Worn-out die,Calibrated equipment and updated calibration logs,2025-06-26
D0409,Burr Formation,MCH-203,Line-2,2025-08-30,Operator error,Calibrated oven temperature and added monitoring alert,2025-08-31
D0410,Misalignment,MCH-249,Line-3,2025-07-20,Improper calibration,Calibrated equipment and updated calibration logs,2025-07-25
D0411,Paint Peeling,MCH-476,Line-1,2025-02-18,Worn-out die,Polished die and added regular inspection routine,2025-02-20
D0412,Loose Assembly,MCH-370,Line-3,2025-02-21,Seal failure,Adjusted machine alignment and replaced worn-out bearings,2025-02-26
D0413,Paint Peeling,MCH-368,Line-5,2025-01-28,Gas flow inconsistency,Replaced cutting tool and added tool inspection schedule,2025-01-29
D0414,Misalignment,MCH-153,Line-5,2025-06-03,Coolant shortage,Calibrated oven temperature and added monitoring alert,2025-06-06
D0415,Overheating,MCH-246,Line-3,2025-01-07,Improper calibration,Calibrated equipment and updated calibration logs,2025-01-08
D0416,Dimension Out of Tolerance,MCH-476,Line-3,2025-07-11,Coolant shortage,Calibrated oven temperature and added monitoring alert,2025-07-15
D0417,Leakage,MCH-341,Line-5,2025-04-29,Gas flow inconsistency,Introduced torque check checklist and operator training,2025-05-02
D0418,Welding Porosity,MCH-407,Line-4,2025-01-17,Gas flow inconsistency,Introduced torque check checklist and operator training,2025-01-21
D0419,Leakage,MCH-230,Line-4,2025-06-29,High machine vibration,Replaced seal and added pressure monitoring,2025-06-30
D0420,Misalignment,MCH-334,Line-1,2025-07-22,Coolant shortage,Replaced gas regulator and trained operator,2025-07-23
D0421,Welding Porosity,MCH-241,Line-2,2025-07-15,Worn-out die,Calibrated equipment and updated calibration logs,2025-07-19
D0422,Electrical Failure,MCH-446,Line-4,2025-02-10,Improper curing temperature,Adjusted machine alignment and replaced worn-out bearings,2025-02-13
D0423,Leakage,MCH-159,Line-4,2025-09-15,Coolant shortage,Calibrated oven temperature and added monitoring alert,2025-09-18
D0424,Surface Crack,MCH-354,Line-1,2025-07-27,Worn-out die,Replaced seal and added pressure monitoring,2025-07-28
D0425,Surface Crack,MCH-278,Line-2,2025-09-13,Improper curing temperature,Replaced seal and added pressure monitoring,2025-09-15
D0426,Surface Crack,MCH-183,Line-1,2025-06-18,Loose wiring,Replaced gas regulator and trained operator,2025-06-20
D0427,Misalignment,MCH-450,Line-5,2025-04-15,Seal failure,Refilled coolant tank and fixed coolant flow sensor,2025-04-18
D0428,Burr Formation,MCH-151,Line-5,2025-01-30,Improper calibration,Calibrated oven temperature and added monitoring alert,2025-02-04
D0429,Loose Assembly,MCH-231,Line-1,2025-06-03,Seal failure,Refilled coolant tank and fixed coolant flow sensor,2025-06-07
D0430,Welding Porosity,MCH-233,Line-4,2025-04-03,Loose wiring,Refilled coolant tank and fixed coolant flow sensor,2025-04-06
D0431,Paint Peeling,MCH-495,Line-5,2025-03-03,Gas flow inconsistency,Secured wiring and scheduled preventive inspection,2025-03-08
D0432,Dimension Out of Tolerance,MCH-291,Line-4,2025-09-17,Improper calibration,Replaced seal and added pressure monitoring,2025-09-19
D0433,Surface Crack,MCH-119,Line-1,2025-02-18,Worn-out die,Secured wiring and scheduled preventive inspection,2025-02-23
D0434,Leakage,MCH-420,Line-4,2025-01-18,Worn-out die,Replaced seal and added pressure monitoring,2025-01-23
D0435,Surface Crack,MCH-383,Line-2,2025-05-28,Improper calibration,Refilled coolant tank and fixed coolant flow sensor,2025-05-30
D0436,Leakage,MCH-295,Line-1,2025-02-08,Loose wiring,Secured wiring and scheduled preventive inspection,2025-02-09
D0437,Electrical Failure,MCH-326,Line-5,2025-03-31,High machine vibration,Replaced cutting tool and added tool inspection schedule,2025-04-01
D0438,Misalignment,MCH-274,Line-5,2025-02-01,Coolant shortage,Replaced cutting tool and added tool inspection schedule,2025-02-04
D0439,Loose Assembly,MCH-330,Line-2,2025-04-24,Tool wear,Introduced torque check checklist and operator training,2025-04-25
D0440,Misalignment,MCH-262,Line-2,2025-01-05,Operator error,Calibrated equipment and updated calibration logs,2025-01-08
D0441,Electrical Failure,MCH-321,Line-3,2025-02-13,Loose wiring,Polished die and added regular inspection routine,2025-02-16
D0442,Misalignment,MCH-367,Line-5,2025-02-14,Seal failure,Replaced gas regulator and trained operator,2025-02-17
D0443,Misalignment,MCH-344,Line-5,2025-08-06,Operator error,Secured wiring and scheduled preventive inspection,2025-08-09
D0444,Leakage,MCH-338,Line-3,2025-04-03,Improper calibration,Secured wiring and scheduled preventive inspection,2025-04-06
D0445,Misalignment,MCH-476,Line-1,2025-05-22,Worn-out die,Refilled coolant tank and fixed coolant flow sensor,2025-05-26
D0446,Burr Formation,MCH-205,Line-5,2025-08-31,Coolant shortage,Replaced gas regulator and trained operator,2025-09-05
D0447,Loose Assembly,MCH-156,Line-1,2025-02-23,Seal failure,Replaced cutting tool and added tool inspection schedule,2025-02-24
D0448,Electrical Failure,MCH-185,Line-3,2025-03-11,Improper calibration,Introduced torque check checklist and operator training,2025-03-12
D0449,Loose Assembly,MCH-147,Line-4,2025-09-14,Loose wiring,Refilled coolant tank and fixed coolant flow sensor,2025-09-19
D0450,Misalignment,MCH-366,Line-1,2025-01-20,Loose wiring,Refilled coolant tank and fixed coolant flow sensor,2025-01-25
D0451,Burr Formation,MCH-263,Line-1,2025-03-20,Worn-out die,Adjusted machine alignment and replaced worn-out bearings,2025-03-21
D0452,Burr Formation,MCH-286,Line-3,2025-04-23,Coolant shortage,Replaced cutting tool and added tool inspection schedule,2025-04-26
D0453,Welding Porosity,MCH-158,Line-5,2025-02-25,Operator error,Replaced gas regulator and trained operator,2025-02-28
D0454,Misalignment,MCH-201,Line-2,2025-07-27,Tool wear,Replaced cutting tool and added tool inspection schedule,2025-08-01
D0455,Paint Peeling,MCH-295,Line-2,2025-05-01,Improper curing temperature,Introduced torque check checklist and operator training,2025-05-06
D0456,Electrical Failure,MCH-328,Line-1,2025-04-09,High machine vibration,Calibrated equipment and updated calibration logs,2025-04-12
D0457,Paint Peeling,MCH-315,Line-3,2025-05-31,Worn-out die,Secured wiring and scheduled preventive inspection,2025-06-05
D0458,Overheating,MCH-166,Line-5,2025-06-03,Improper calibration,Polished die and added regular inspection routine,2025-06-04
D0459,Misalignment,MCH-474,Line-5,2025-04-28,Improper curing temperature,Replaced seal and added pressure monitoring,2025-04-29
D0460,Misalignment,MCH-275,Line-2,2025-01-24,Worn-out die,Secured wiring and scheduled preventive inspection,2025-01-29
D0461,Dimension Out of Tolerance,MCH-357,Line-3,2025-07-10,Loose wiring,Secured wiring and scheduled preventive inspection,2025-07-15
D0462,Paint Peeling,MCH-440,Line-3,2025-06-14,Improper curing temperature,Refilled coolant tank and fixed coolant flow sensor,2025-06-17
D0463,Dimension Out of Tolerance,MCH-331,Line-2,2025-01-05,High machine vibration,Adjusted machine alignment and replaced worn-out bearings,2025-01-09
D0464,Dimension Out of Tolerance,MCH-181,Line-2,2025-05-20,Improper curing temperature,Introduced torque check checklist and operator training,2025-05-21
D0465,Surface Crack,MCH-349,Line-3,2025-06-20,Loose wiring,Replaced seal and added pressure monitoring,2025-06-25
D0466,Dimension Out of Tolerance,MCH-237,Line-2,2025-03-05,Improper curing temperature,Secured wiring and scheduled preventive inspection,2025-03-10
D0467,Overheating,MCH-233,Line-3,2025-01-22,Improper calibration,Replaced seal and added pressure monitoring,2025-01-24
D0468,Leakage,MCH-247,Line-1,2025-08-04,Operator error,Replaced seal and added pressure monitoring,2025-08-08
D0469,Loose Assembly,MCH-426,Line-5,2025-02-28,Improper calibration,Replaced cutting tool and added tool inspection schedule,2025-03-03
D0470,Welding Porosity,MCH-416,Line-1,2025-07-22,Improper calibration,Refilled coolant tank and fixed coolant flow sensor,2025-07-24
D0471,Overheating,MCH-355,Line-1,2025-01-22,Improper curing temperature,Replaced gas regulator and trained operator,2025-01-23
D0472,Overheating,MCH-318,Line-4,2025-01-18,Worn-out die,Calibrated equipment and updated calibration logs,2025-01-21
D0473,Burr Formation,MCH-273,Line-3,2025-01-28,Loose wiring,Calibrated oven temperature and added monitoring alert,2025-01-31
D0474,Welding Porosity,MCH-198,Line-1,2025-01-08,Operator error,Refilled coolant tank and fixed coolant flow sensor,2025-01-13
D0475,Dimension Out of Tolerance,MCH-328,Line-1,2025-04-03,Operator error,Calibrated oven temperature and added monitoring alert,2025-04-08
D0476,Surface Crack,MCH-136,Line-4,2025-07-16,Operator error,Secured wiring and scheduled preventive inspection,2025-07-21
D0477,Dimension Out of Tolerance,MCH-227,Line-4,2025-06-23,Operator error,Replaced gas regulator and trained operator,2025-06-24
D0478,Paint Peeling,MCH-236,Line-2,2025-05-15,Gas flow inconsistency,Adjusted machine alignment and replaced worn-out bearings,2025-05-20
D0479,Paint Peeling,MCH-346,Line-2,2025-07-03,Worn-out die,Replaced cutting tool and added tool inspection schedule,2025-07-05
D0480,Dimension Out of Tolerance,MCH-387,Line-5,2025-04-07,Improper calibration,Refilled coolant tank and fixed coolant flow sensor,2025-04-11
D0481,Leakage,MCH-328,Line-3,2025-05-04,Coolant shortage,Refilled coolant tank and fixed coolant flow sensor,2025-05-09
D0482,Misalignment,MCH-275,Line-3,2025-07-23,High machine vibration,Replaced seal and added pressure monitoring,2025-07-26
D0483,Loose Assembly,MCH-357,Line-1,2025-01-25,Seal failure,Calibrated equipment and updated calibration logs,2025-01-26
D0484,Leakage,MCH-148,Line-4,2025-01-21,Improper curing temperature,Polished die and added regular inspection routine,2025-01-23
D0485,Surface Crack,MCH-302,Line-2,2025-06-27,Worn-out die,Refilled coolant tank and fixed coolant flow sensor,2025-06-28
D0486,Welding Porosity,MCH-323,Line-2,2025-01-07,Coolant shortage,Refilled coolant tank and fixed coolant flow sensor,2025-01-11
D0487,Dimension Out of Tolerance,MCH-170,Line-4,2025-05-23,Loose wiring,Replaced gas regulator and trained operator,2025-05-28
D0488,Misalignment,MCH-278,Line-4,2025-04-03,Improper calibration,Secured wiring and scheduled preventive inspection,2025-04-05
D0489,Misalignment,MCH-380,Line-4,2025-09-10,Operator error,Secured wiring and scheduled preventive inspection,2025-09-11
D0490,Misalignment,MCH-499,Line-2,2025-03-02,Improper curing temperature,Polished die and added regular inspection routine,2025-03-05
D0491,Dimension Out of Tolerance,MCH-217,Line-2,2025-05-20,Coolant shortage,Replaced gas regulator and trained operator,2025-05-24
D0492,Electrical Failure,MCH-296,Line-2,2025-02-05,Worn-out die,Replaced cutting tool and added tool inspection schedule,2025-02-09
D0493,Welding Porosity,MCH-214,Line-4,2025-08-28,Improper curing temperature,Replaced seal and added pressure monitoring,2025-08-31
D0494,Overheating,MCH-154,Line-2,2025-03-20,Operator error,Replaced seal and added pressure monitoring,2025-03-23
D0495,Leakage,MCH-299,Line-5,2025-03-02,Operator error,Calibrated equipment and updated calibration logs,2025-03-06
D0496,Leakage,MCH-224,Line-2,2025-07-10,Coolant shortage,Replaced cutting tool and added tool inspection schedule,2025-07-12
D0497,Loose Assembly,MCH-383,Line-4,2025-06-28,Loose wiring,Introduced torque check checklist and operator training,2025-07-03
D0498,Burr Formation,MCH-412,Line-5,2025-02-15,Worn-out die,Calibrated equipment and updated calibration logs,2025-02-18
D0499,Paint Peeling,MCH-233,Line-1,2025-09-09,Tool wear,Polished die and added regular inspection routine,2025-09-11
D0500,Loose Assembly,MCH-479,Line-3,2025-01-02,Improper calibration,Introduced torque check checklist and operator training,2025-01-04
D0501,Dimension Out of Tolerance,MCH-144,Line-4,2025-03-28,Improper curing temperature,Refilled coolant tank and fixed coolant flow sensor,2025-04-02
D0502,Overheating,MCH-186,Line-4,2025-01-11,Operator error,Replaced seal and added pressure monitoring,2025-01-15
D0503,Dimension Out of Tolerance,MCH-364,Line-3,2025-01-24,Gas flow inconsistency,Replaced gas regulator and trained operator,2025-01-25
D0504,Leakage,MCH-405,Line-2,2025-01-14,Loose wiring,Replaced gas regulator and trained operator,2025-01-17
D0505,Surface Crack,MCH-246,Line-3,2025-04-17,Coolant shortage,Adjusted machine alignment and replaced worn-out bearings,2025-04-18
D0506,Overheating,MCH-368,Line-3,2025-07-29,Operator error,Replaced cutting tool and added tool inspection schedule,2025-08-01
D0507,Welding Porosity,MCH-143,Line-1,2025-01-12,Seal failure,Calibrated equipment and updated calibration logs,2025-01-15
D0508,Paint Peeling,MCH-152,Line-1,2025-03-16,Coolant shortage,Replaced cutting tool and added tool inspection schedule,2025-03-21
D0509,Surface Crack,MCH-169,Line-4,2025-08-19,Improper calibration,Replaced cutting tool and added tool inspection schedule,2025-08-23
D0510,Dimension Out of Tolerance,MCH-394,Line-1,2025-01-12,Seal failure,Replaced gas regulator and trained operator,2025-01-17
D0511,Paint Peeling,MCH-134,Line-3,2025-05-08,Tool wear,Secured wiring and scheduled preventive inspection,2025-05-12
D0512,Surface Crack,MCH-235,Line-3,2025-06-23,Loose wiring,Replaced seal and added pressure monitoring,2025-06-26
D0513,Misalignment,MCH-295,Line-2,2025-01-18,Coolant shortage,Calibrated oven temperature and added monitoring alert,2025-01-22
D0514,Misalignment,MCH-128,Line-5,2025-01-10,Loose wiring,Secured wiring and scheduled preventive inspection,2025-01-11
D0515,Leakage,MCH-394,Line-1,2025-01-26,Tool wear,Secured wiring and scheduled preventive inspection,2025-01-30
D0516,Dimension Out of Tolerance,MCH-336,Line-1,2025-03-24,Tool wear,Replaced gas regulator and trained operator,2025-03-29
D0517,Surface Crack,MCH-463,Line-2,2025-01-12,High machine vibration,Replaced cutting tool and added tool inspection schedule,2025-01-14
D0518,Leakage,MCH-105,Line-5,2025-07-03,Improper curing temperature,Replaced seal and added pressure monitoring,2025-07-04
D0519,Surface Crack,MCH-356,Line-5,2025-07-09,Operator error,Adjusted machine alignment and replaced worn-out bearings,2025-07-13
D0520,Welding Porosity,MCH-196,Line-3,2025-01-28,Gas flow inconsistency,Introduced torque check checklist and operator training,2025-01-30
D0521,Misalignment,MCH-499,Line-5,2025-04-27,Operator error,Introduced torque check checklist and operator training,2025-05-02
D0522,Paint Peeling,MCH-259,Line-4,2025-02-26,Improper curing temperature,Replaced cutting tool and added tool inspection schedule,2025-02-27
D0523,Loose Assembly,MCH-425,Line-1,2025-03-27,Seal failure,Refilled coolant tank and fixed coolant flow sensor,2025-03-29
D0524,Overheating,MCH-483,Line-3,2025-09-07,Worn-out die,Adjusted machine alignment and replaced worn-out bearings,2025-09-09
D0525,Dimension Out of Tolerance,MCH-393,Line-5,2025-08-03,Improper calibration,Replaced cutting tool and added tool inspection schedule,2025-08-05
D0526,Welding Porosity,MCH-234,Line-2,2025-05-12,Loose wiring,Secured wiring and scheduled preventive inspection,2025-05-15
D0527,Burr Formation,MCH-142,Line-4,2025-08-10,Loose wiring,Adjusted machine alignment and replaced worn-out bearings,2025-08-12
D0528,Electrical Failure,MCH-239,Line-5,2025-03-29,High machine vibration,Calibrated equipment and updated calibration logs,2025-04-03
D0529,Paint Peeling,MCH-397,Line-2,2025-08-27,Gas flow inconsistency,Calibrated oven temperature and added monitoring alert,2025-08-30
D0530,Dimension Out of Tolerance,MCH-453,Line-3,2025-01-07,High machine vibration,Adjusted machine alignment and replaced worn-out bearings,2025-01-09
D0531,Loose Assembly,MCH-347,Line-2,2025-01-24,Worn-out die,Secured wiring and scheduled preventive inspection,2025-01-29
D0532,Dimension Out of Tolerance,MCH-220,Line-5,2025-01-04,Coolant shortage,Adjusted machine alignment and replaced worn-out bearings,2025-01-06
D0533,Surface Crack,MCH-177,Line-3,2025-02-17,Improper curing temperature,Replaced gas regulator and trained operator,2025-02-21
D0534,Leakage,MCH-326,Line-2,2025-08-11,Improper calibration,Introduced torque check checklist and operator training,2025-08-15
D0535,Welding Porosity,MCH-360,Line-1,2025-03-28,Improper calibration,Polished die and added regular inspection routine,2025-03-29
D0536,Leakage,MCH-378,Line-2,2025-08-25,Loose wiring,Adjusted machine alignment and replaced worn-out bearings,2025-08-28
D0537,Electrical Failure,MCH-242,Line-1,2025-09-04,Gas flow inconsistency,Replaced seal and added pressure monitoring,2025-09-09
D0538,Burr Formation,MCH-329,Line-2,2025-02-03,High machine vibration,Secured wiring and scheduled preventive inspection,2025-02-05
D0539,Dimension Out of Tolerance,MCH-127,Line-2,2025-01-19,High machine vibration,Secured wiring and scheduled preventive inspection,2025-01-24
D0540,Overheating,MCH-265,Line-1,2025-05-16,Loose wiring,Introduced torque check checklist and operator training,2025-05-18
D0541,Overheating,MCH-341,Line-4,2025-03-11,Worn-out die,Adjusted machine alignment and replaced worn-out bearings,2025-03-15
D0542,Leakage,MCH-125,Line-3,2025-07-01,Loose wiring,Adjusted machine alignment and replaced worn-out bearings,2025-07-06
D0543,Leakage,MCH-495,Line-4,2025-05-17,Gas flow inconsistency,Calibrated oven temperature and added monitoring alert,2025-05-20
D0544,Dimension Out of Tolerance,MCH-386,Line-1,2025-06-04,Worn-out die,Adjusted machine alignment and replaced worn-out bearings,2025-06-05
D0545,Misalignment,MCH-231,Line-4,2025-05-21,Worn-out die,Replaced seal and added pressure monitoring,2025-05-23
D0546,Loose Assembly,MCH-492,Line-4,2025-04-13,Gas flow inconsistency,Introduced torque check checklist and operator training,2025-04-18
D0547,Overheating,MCH-432,Line-3,2025-01-02,Gas flow inconsistency,Replaced seal and added pressure monitoring,2025-01-05
D0548,Leakage,MCH-192,Line-4,2025-05-31,Coolant shortage,Replaced seal and added pressure monitoring,2025-06-03
D0549,Loose Assembly,MCH-294,Line-4,2025-07-09,Operator error,Calibrated oven temperature and added monitoring alert,2025-07-14
D0550,Electrical Failure,MCH-372,Line-5,2025-02-17,Coolant shortage,Calibrated oven temperature and added monitoring alert,2025-02-20
D0551,Electrical Failure,MCH-308,Line-1,2025-01-14,High machine vibration,Secured wiring and scheduled preventive inspection,2025-01-16
D0552,Overheating,MCH-186,Line-4,2025-07-02,High machine vibration,Calibrated equipment and updated calibration logs,2025-07-05
D0553,Misalignment,MCH-206,Line-2,2025-08-31,Tool wear,Adjusted machine alignment and replaced worn-out bearings,2025-09-02
D0554,Welding Porosity,MCH-446,Line-1,2025-06-14,Operator error,Calibrated oven temperature and added monitoring alert,2025-06-19
D0555,Overheating,MCH-360,Line-1,2025-06-30,Seal failure,Polished die and added regular inspection routine,2025-07-01
D0556,Loose Assembly,MCH-465,Line-2,2025-04-15,Loose wiring,Calibrated equipment and updated calibration logs,2025-04-20
D0557,Leakage,MCH-251,Line-2,2025-07-30,Seal failure,Calibrated oven temperature and added monitoring alert,2025-08-04
D0558,Misalignment,MCH-451,Line-1,2025-03-30,Worn-out die,Introduced torque check checklist and operator training,2025-04-01
D0559,Burr Formation,MCH-407,Line-1,2025-02-20,Coolant shortage,Secured wiring and scheduled preventive inspection,2025-02-21
D0560,Misalignment,MCH-232,Line-5,2025-09-08,High machine vibration,Refilled coolant tank and fixed coolant flow sensor,2025-09-10
D0561,Leakage,MCH-201,Line-4,2025-08-19,Improper curing temperature,Polished die and added regular inspection routine,2025-08-22
D0562,Welding Porosity,MCH-281,Line-4,2025-03-05,Tool wear,Secured wiring and scheduled preventive inspection,2025-03-08
D0563,Welding Porosity,MCH-322,Line-2,2025-09-09,Seal failure,Replaced gas regulator and trained operator,2025-09-12
D0564,Misalignment,MCH-354,Line-1,2025-07-20,Improper curing temperature,Calibrated oven temperature and added monitoring alert,2025-07-24
D0565,Loose Assembly,MCH-235,Line-1,2025-06-09,Coolant shortage,Replaced gas regulator and trained operator,2025-06-12
D0566,Electrical Failure,MCH-392,Line-1,2025-09-18,High machine vibration,Secured wiring and scheduled preventive inspection,2025-09-20
D0567,Loose Assembly,MCH-213,Line-5,2025-08-10,Gas flow inconsistency,Secured wiring and scheduled preventive inspection,2025-08-12
D0568,Dimension Out of Tolerance,MCH-111,Line-5,2025-08-30,High machine vibration,Secured wiring and scheduled preventive inspection,2025-09-03
D0569,Overheating,MCH-466,Line-3,2025-06-07,Worn-out die,Calibrated equipment and updated calibration logs,2025-06-11
D0570,Welding Porosity,MCH-322,Line-3,2025-03-15,Seal failure,Replaced gas regulator and trained operator,2025-03-16
D0571,Dimension Out of Tolerance,MCH-122,Line-4,2025-02-20,Tool wear,Introduced torque check checklist and operator training,2025-02-22
D0572,Misalignment,MCH-269,Line-4,2025-07-10,Gas flow inconsistency,Replaced gas regulator and trained operator,2025-07-13
D0573,Loose Assembly,MCH-404,Line-1,2025-01-13,High machine vibration,Secured wiring and scheduled preventive inspection,2025-01-14
D0574,Leakage,MCH-101,Line-5,2025-05-07,Loose wiring,Calibrated oven temperature and added monitoring alert,2025-05-10
D0575,Surface Crack,MCH-347,Line-4,2025-03-03,Improper calibration,Replaced gas regulator and trained operator,2025-03-06
D0576,Electrical Failure,MCH-176,Line-1,2025-06-05,Operator error,Replaced gas regulator and trained operator,2025-06-10
D0577,Burr Formation,MCH-311,Line-4,2025-01-04,Worn-out die,Polished die and added regular inspection routine,2025-01-08
D0578,Electrical Failure,MCH-468,Line-1,2025-01-21,Coolant shortage,Secured wiring and scheduled preventive inspection,2025-01-22
D0579,Loose Assembly,MCH-245,Line-4,2025-07-28,Worn-out die,Secured wiring and scheduled preventive inspection,2025-07-31
D0580,Loose Assembly,MCH-102,Line-3,2025-07-10,Operator error,Polished die and added regular inspection routine,2025-07-14
D0581,Dimension Out of Tolerance,MCH-328,Line-5,2025-03-13,High machine vibration,Polished die and added regular inspection routine,2025-03-16
D0582,Burr Formation,MCH-358,Line-1,2025-04-19,Worn-out die,Replaced cutting tool and added tool inspection schedule,2025-04-24
D0583,Electrical Failure,MCH-375,Line-2,2025-01-04,Tool wear,Calibrated equipment and updated calibration logs,2025-01-06
D0584,Welding Porosity,MCH-137,Line-4,2025-04-08,Gas flow inconsistency,Introduced torque check checklist and operator training,2025-04-11
D0585,Loose Assembly,MCH-244,Line-3,2025-01-05,Worn-out die,Introduced torque check checklist and operator training,2025-01-08
D0586,Welding Porosity,MCH-291,Line-4,2025-03-03,Improper curing temperature,Replaced seal and added pressure monitoring,2025-03-05
D0587,Electrical Failure,MCH-352,Line-5,2025-07-24,Improper calibration,Polished die and added regular inspection routine,2025-07-26
D0588,Loose Assembly,MCH-134,Line-4,2025-09-15,Seal failure,Polished die and added regular inspection routine,2025-09-17
D0589,Misalignment,MCH-213,Line-3,2025-03-14,Improper curing temperature,Replaced gas regulator and trained operator,2025-03-19
D0590,Welding Porosity,MCH-235,Line-5,2025-06-25,Coolant shortage,Introduced torque check checklist and operator training,2025-06-26
D0591,Electrical Failure,MCH-142,Line-5,2025-09-03,Improper curing temperature,Replaced cutting tool and added tool inspection schedule,2025-09-07
D0592,Misalignment,MCH-418,Line-5,2025-03-21,Worn-out die,Refilled coolant tank and fixed coolant flow sensor,2025-03-22
D0593,Surface Crack,MCH-221,Line-2,2025-02-27,Tool wear,Calibrated oven temperature and added monitoring alert,2025-02-28
D0594,Welding Porosity,MCH-416,Line-3,2025-01-25,Improper calibration,Replaced cutting tool and added tool inspection schedule,2025-01-29
D0595,Welding Porosity,MCH-352,Line-4,2025-01-09,Coolant shortage,Polished die and added regular inspection routine,2025-01-12
D0596,Electrical Failure,MCH-173,Line-4,2025-04-30,Loose wiring,Secured wiring and scheduled preventive inspection,2025-05-02
D0597,Dimension Out of Tolerance,MCH-424,Line-3,2025-03-16,Tool wear,Calibrated oven temperature and added monitoring alert,2025-03-17
D0598,Burr Formation,MCH-168,Line-5,2025-05-26,Seal failure,Calibrated equipment and updated calibration logs,2025-05-29
D0599,Surface Crack,MCH-285,Line-1,2025-01-12,Tool wear,Adjusted machine alignment and replaced worn-out bearings,2025-01-13
D0600,Welding Porosity,MCH-224,Line-2,2025-08-13,Improper curing temperature,Introduced torque check checklist and operator training,2025-08-16
D0601,Misalignment,MCH-172,Line-5,2025-06-02,Improper curing temperature,Calibrated oven temperature and added monitoring alert,2025-06-04
D0602,Electrical Failure,MCH-407,Line-2,2025-06-23,Improper curing temperature,Introduced torque check checklist and operator training,2025-06-25
D0603,Overheating,MCH-338,Line-2,2025-09-07,Tool wear,Replaced gas regulator and trained operator,2025-09-11
D0604,Paint Peeling,MCH-321,Line-3,2025-04-11,Improper calibration,Calibrated oven temperature and added monitoring alert,2025-04-12
D0605,Electrical Failure,MCH-255,Line-3,2025-02-14,Coolant shortage,Adjusted machine alignment and replaced worn-out bearings,2025-02-19
D0606,Overheating,MCH-380,Line-2,2025-05-31,Tool wear,Refilled coolant tank and fixed coolant flow sensor,2025-06-02
D0607,Leakage,MCH-332,Line-1,2025-07-12,Tool wear,Calibrated equipment and updated calibration logs,2025-07-17
D0608,Paint Peeling,MCH-493,Line-2,2025-04-09,Worn-out die,Adjusted machine alignment and replaced worn-out bearings,2025-04-12
D0609,Paint Peeling,MCH-251,Line-1,2025-05-26,Improper calibration,Replaced gas regulator and trained operator,2025-05-28
D0610,Surface Crack,MCH-308,Line-1,2025-03-13,Tool wear,Replaced cutting tool and added tool inspection schedule,2025-03-18
D0611,Paint Peeling,MCH-164,Line-2,2025-03-09,High machine vibration,Refilled coolant tank and fixed coolant flow sensor,2025-03-10
D0612,Dimension Out of Tolerance,MCH-198,Line-5,2025-05-14,Loose wiring,Introduced torque check checklist and operator training,2025-05-16
D0613,Electrical Failure,MCH-331,Line-4,2025-07-09,Seal failure,Calibrated oven temperature and added monitoring alert,2025-07-11
D0614,Misalignment,MCH-365,Line-1,2025-06-20,Seal failure,Refilled coolant tank and fixed coolant flow sensor,2025-06-23
D0615,Paint Peeling,MCH-347,Line-4,2025-06-15,High machine vibration,Secured wiring and scheduled preventive inspection,2025-06-16
D0616,Paint Peeling,MCH-295,Line-3,2025-02-21,Gas flow inconsistency,Polished die and added regular inspection routine,2025-02-25
D0617,Dimension Out of Tolerance,MCH-367,Line-3,2025-04-23,Operator error,Calibrated oven temperature and added monitoring alert,2025-04-26
D0618,Overheating,MCH-484,Line-1,2025-09-02,Seal failure,Calibrated oven temperature and added monitoring alert,2025-09-03
D0619,Leakage,MCH-131,Line-3,2025-06-09,Seal failure,Refilled coolant tank and fixed coolant flow sensor,2025-06-13
D0620,Leakage,MCH-120,Line-5,2025-03-16,Worn-out die,Replaced cutting tool and added tool inspection schedule,2025-03-19
D0621,Leakage,MCH-263,Line-4,2025-04-13,Loose wiring,Adjusted machine alignment and replaced worn-out bearings,2025-04-14
D0622,Dimension Out of Tolerance,MCH-364,Line-3,2025-03-20,Improper curing temperature,Introduced torque check checklist and operator training,2025-03-23
D0623,Burr Formation,MCH-231,Line-2,2025-07-31,Loose wiring,Adjusted machine alignment and replaced worn-out bearings,2025-08-01
D0624,Dimension Out of Tolerance,MCH-170,Line-2,2025-08-27,Worn-out die,Introduced torque check checklist and operator training,2025-09-01
D0625,Misalignment,MCH-106,Line-2,2025-06-06,Loose wiring,Replaced gas regulator and trained operator,2025-06-07
D0626,Overheating,MCH-323,Line-5,2025-01-27,Loose wiring,Replaced gas regulator and trained operator,2025-01-31
D0627,Surface Crack,MCH-474,Line-3,2025-01-14,Loose wiring,Replaced cutting tool and added tool inspection schedule,2025-01-16
D0628,Welding Porosity,MCH-166,Line-5,2025-03-16,Gas flow inconsistency,Replaced cutting tool and added tool inspection schedule,2025-03-17
D0629,Overheating,MCH-405,Line-5,2025-01-06,Improper curing temperature,Calibrated oven temperature and added monitoring alert,2025-01-11
D0630,Loose Assembly,MCH-442,Line-2,2025-03-06,Improper calibration,Adjusted machine alignment and replaced worn-out bearings,2025-03-10
D0631,Burr Formation,MCH-122,Line-4,2025-06-14,Coolant shortage,Calibrated oven temperature and added monitoring alert,2025-06-16
D0632,Welding Porosity,MCH-461,Line-5,2025-04-30,Seal failure,Secured wiring and scheduled preventive inspection,2025-05-01
D0633,Electrical Failure,MCH-279,Line-4,2025-04-18,High machine vibration,Adjusted machine alignment and replaced worn-out bearings,2025-04-21
D0634,Welding Porosity,MCH-126,Line-1,2025-08-07,High machine vibration,Adjusted machine alignment and replaced worn-out bearings,2025-08-12
D0635,Welding Porosity,MCH-470,Line-1,2025-01-31,Tool wear,Secured wiring and scheduled preventive inspection,2025-02-02
D0636,Loose Assembly,MCH-496,Line-4,2025-09-01,Worn-out die,Polished die and added regular inspection routine,2025-09-03
D0637,Paint Peeling,MCH-183,Line-3,2025-03-26,High machine vibration,Calibrated equipment and updated calibration logs,2025-03-27
D0638,Paint Peeling,MCH-242,Line-4,2025-03-09,High machine vibration,Introduced torque check checklist and operator training,2025-03-12
D0639,Paint Peeling,MCH-123,Line-4,2025-05-26,Gas flow inconsistency,Refilled coolant tank and fixed coolant flow sensor,2025-05-27
D0640,Loose Assembly,MCH-173,Line-1,2025-06-18,Loose wiring,Calibrated equipment and updated calibration logs,2025-06-21
D0641,Dimension Out of Tolerance,MCH-267,Line-1,2025-08-12,Seal failure,Replaced cutting tool and added tool inspection schedule,2025-08-15
D0642,Surface Crack,MCH-138,Line-1,2025-02-06,Gas flow inconsistency,Calibrated equipment and updated calibration logs,2025-02-09
D0643,Welding Porosity,MCH-457,Line-3,2025-03-17,Worn-out die,Adjusted machine alignment and replaced worn-out bearings,2025-03-18
D0644,Electrical Failure,MCH-425,Line-1,2025-01-14,Improper calibration,Calibrated oven temperature and added monitoring alert,2025-01-17
D0645,Electrical Failure,MCH-336,Line-1,2025-04-08,Worn-out die,Secured wiring and scheduled preventive inspection,2025-04-10
D0646,Electrical Failure,MCH-386,Line-3,2025-03-04,Seal failure,Replaced cutting tool and added tool inspection schedule,2025-03-08
D0647,Loose Assembly,MCH-122,Line-5,2025-06-26,High machine vibration,Refilled coolant tank and fixed coolant flow sensor,2025-06-29
D0648,Loose Assembly,MCH-246,Line-4,2025-08-21,Improper calibration,Secured wiring and scheduled preventive inspection,2025-08-23
D0649,Leakage,MCH-169,Line-3,2025-01-19,Loose wiring,Replaced cutting tool and added tool inspection schedule,2025-01-23
D0650,Burr Formation,MCH-376,Line-5,2025-07-04,Loose wiring,Adjusted machine alignment and replaced worn-out bearings,2025-07-06
D0651,Paint Peeling,MCH-250,Line-5,2025-08-06,High machine vibration,Polished die and added regular inspection routine,2025-08-08
D0652,Misalignment,MCH-197,Line-1,2025-03-16,Coolant shortage,Introduced torque check checklist and operator training,2025-03-19
D0653,Electrical Failure,MCH-113,Line-3,2025-07-29,High machine vibration,Adjusted machine alignment and replaced worn-out bearings,2025-07-30
D0654,Electrical Failure,MCH-104,Line-2,2025-07-03,Seal failure,Calibrated oven temperature and added monitoring alert,2025-07-05
D0655,Burr Formation,MCH-231,Line-2,2025-03-10,Improper curing temperature,Calibrated oven temperature and added monitoring alert,2025-03-11
D0656,Dimension Out of Tolerance,MCH-286,Line-4,2025-08-05,High machine vibration,Introduced torque check checklist and operator training,2025-08-06
D0657,Electrical Failure,MCH-134,Line-4,2025-02-27,Coolant shortage,Replaced gas regulator and trained operator,2025-03-03
D0658,Leakage,MCH-207,Line-2,2025-04-08,Loose wiring,Refilled coolant tank and fixed coolant flow sensor,2025-04-10
D0659,Burr Formation,MCH-418,Line-4,2025-09-12,Gas flow inconsistency,Refilled coolant tank and fixed coolant flow sensor,2025-09-17
D0660,Surface Crack,MCH-468,Line-4,2025-05-14,Coolant shortage,Calibrated oven temperature and added monitoring alert,2025-05-19
D0661,Loose Assembly,MCH-264,Line-3,2025-04-26,High machine vibration,Replaced gas regulator and trained operator,2025-04-30
D0662,Welding Porosity,MCH-415,Line-1,2025-01-06,Worn-out die,Replaced seal and added pressure monitoring,2025-01-10
D0663,Welding Porosity,MCH-190,Line-3,2025-05-05,Worn-out die,Replaced seal and added pressure monitoring,2025-05-09
D0664,Paint Peeling,MCH-205,Line-2,2025-09-14,Worn-out die,Introduced torque check checklist and operator training,2025-09-19
D0665,Paint Peeling,MCH-313,Line-1,2025-03-14,Loose wiring,Calibrated oven temperature and added monitoring alert,2025-03-18
D0666,Surface Crack,MCH-423,Line-2,2025-07-14,Gas flow inconsistency,Refilled coolant tank and fixed coolant flow sensor,2025-07-19
D0667,Welding Porosity,MCH-303,Line-5,2025-07-04,High machine vibration,Introduced torque check checklist and operator training,2025-07-06
D0668,Overheating,MCH-354,Line-5,2025-04-08,Operator error,Replaced gas regulator and trained operator,2025-04-13
D0669,Welding Porosity,MCH-209,Line-2,2025-02-11,Coolant shortage,Secured wiring and scheduled preventive inspection,2025-02-13
D0670,Overheating,MCH-162,Line-5,2025-08-17,High machine vibration,Adjusted machine alignment and replaced worn-out bearings,2025-08-21
D0671,Loose Assembly,MCH-404,Line-1,2025-06-29,Seal failure,Polished die and added regular inspection routine,2025-07-01
D0672,Dimension Out of Tolerance,MCH-149,Line-5,2025-05-09,Operator error,Replaced seal and added pressure monitoring,2025-05-10
D0673,Leakage,MCH-278,Line-3,2025-01-07,Seal failure,Adjusted machine alignment and replaced worn-out bearings,2025-01-08
D0674,Loose Assembly,MCH-269,Line-2,2025-05-14,High machine vibration,Refilled coolant tank and fixed coolant flow sensor,2025-05-19
D0675,Paint Peeling,MCH-478,Line-2,2025-02-17,Worn-out die,Replaced seal and added pressure monitoring,2025-02-21
D0676,Welding Porosity,MCH-161,Line-4,2025-09-13,Seal failure,Secured wiring and scheduled preventive inspection,2025-09-16
D0677,Misalignment,MCH-219,Line-1,2025-06-27,Seal failure,Calibrated equipment and updated calibration logs,2025-06-29
D0678,Surface Crack,MCH-382,Line-1,2025-03-08,Loose wiring,Calibrated equipment and updated calibration logs,2025-03-12
D0679,Burr Formation,MCH-391,Line-2,2025-05-02,High machine vibration,Replaced cutting tool and added tool inspection schedule,2025-05-04
D0680,Electrical Failure,MCH-220,Line-3,2025-09-02,Worn-out die,Replaced gas regulator and trained operator,2025-09-03
D0681,Loose Assembly,MCH-198,Line-5,2025-01-06,Operator error,Secured wiring and scheduled preventive inspection,2025-01-08
D0682,Burr Formation,MCH-251,Line-4,2025-06-11,Tool wear,Calibrated equipment and updated calibration logs,2025-06-15
D0683,Overheating,MCH-332,Line-2,2025-01-31,High machine vibration,Introduced torque check checklist and operator training,2025-02-05
D0684,Leakage,MCH-178,Line-2,2025-01-14,Gas flow inconsistency,Replaced gas regulator and trained operator,2025-01-18
D0685,Leakage,MCH-412,Line-2,2025-03-01,Coolant shortage,Calibrated oven temperature and added monitoring alert,2025-03-02
D0686,Misalignment,MCH-365,Line-3,2025-05-04,Improper curing temperature,Calibrated equipment and updated calibration logs,2025-05-08
D0687,Leakage,MCH-230,Line-2,2025-04-18,Gas flow inconsistency,Replaced cutting tool and added tool inspection schedule,2025-04-21
D0688,Dimension Out of Tolerance,MCH-166,Line-1,2025-03-09,Worn-out die,Replaced gas regulator and trained operator,2025-03-12
D0689,Surface Crack,MCH-351,Line-5,2025-02-02,Worn-out die,Replaced gas regulator and trained operator,2025-02-03
D0690,Paint Peeling,MCH-159,Line-3,2025-06-21,Gas flow inconsistency,Replaced cutting tool and added tool inspection schedule,2025-06-23
D0691,Loose Assembly,MCH-407,Line-2,2025-06-18,Loose wiring,Adjusted machine alignment and replaced worn-out bearings,2025-06-21
D0692,Electrical Failure,MCH-341,Line-1,2025-02-27,Gas flow inconsistency,Replaced gas regulator and trained operator,2025-03-02
D0693,Paint Peeling,MCH-211,Line-5,2025-04-22,Loose wiring,Adjusted machine alignment and replaced worn-out bearings,2025-04-27
D0694,Misalignment,MCH-369,Line-3,2025-07-18,Tool wear,Refilled coolant tank and fixed coolant flow sensor,2025-07-23
D0695,Surface Crack,MCH-353,Line-5,2025-09-16,Seal failure,Replaced gas regulator and trained operator,2025-09-18
D0696,Paint Peeling,MCH-190,Line-1,2025-07-02,High machine vibration,Introduced torque check checklist and operator training,2025-07-04
D0697,Overheating,MCH-398,Line-2,2025-03-26,Improper curing temperature,Calibrated equipment and updated calibration logs,2025-03-30
D0698,Electrical Failure,MCH-150,Line-3,2025-01-18,High machine vibration,Replaced gas regulator and trained operator,2025-01-21
D0699,Welding Porosity,MCH-270,Line-4,2025-08-13,Coolant shortage,Refilled coolant tank and fixed coolant flow sensor,2025-08-14
D0700,Welding Porosity,MCH-259,Line-1,2025-09-07,High machine vibration,Calibrated equipment and updated calibration logs,2025-09-08
D0701,Welding Porosity,MCH-196,Line-2,2025-07-13,High machine vibration,Calibrated oven temperature and added monitoring alert,2025-07-17
D0702,Misalignment,MCH-287,Line-1,2025-08-04,Loose wiring,Replaced seal and added pressure monitoring,2025-08-07
D0703,Paint Peeling,MCH-443,Line-2,2025-07-13,Worn-out die,Polished die and added regular inspection routine,2025-07-18
D0704,Dimension Out of Tolerance,MCH-458,Line-5,2025-08-10,Worn-out die,Replaced seal and added pressure monitoring,2025-08-15
D0705,Overheating,MCH-240,Line-5,2025-01-27,Coolant shortage,Adjusted machine alignment and replaced worn-out bearings,2025-01-28
D0706,Overheating,MCH-266,Line-3,2025-02-03,Improper curing temperature,Replaced gas regulator and trained operator,2025-02-04
D0707,Misalignment,MCH-121,Line-5,2025-06-05,Coolant shortage,Adjusted machine alignment and replaced worn-out bearings,2025-06-08
D0708,Paint Peeling,MCH-439,Line-5,2025-04-28,Improper calibration,Introduced torque check checklist and operator training,2025-05-02
D0709,Surface Crack,MCH-311,Line-3,2025-05-09,Tool wear,Adjusted machine alignment and replaced worn-out bearings,2025-05-14
D0710,Electrical Failure,MCH-326,Line-3,2025-03-18,Coolant shortage,Calibrated equipment and updated calibration logs,2025-03-22
D0711,Loose Assembly,MCH-207,Line-2,2025-04-29,Gas flow inconsistency,Adjusted machine alignment and replaced worn-out bearings,2025-05-02
D0712,Electrical Failure,MCH-270,Line-2,2025-03-24,Improper curing temperature,Replaced cutting tool and added tool inspection schedule,2025-03-28
D0713,Overheating,MCH-156,Line-3,2025-02-04,Gas flow inconsistency,Adjusted machine alignment and replaced worn-out bearings,2025-02-06
D0714,Loose Assembly,MCH-188,Line-2,2025-02-10,Gas flow inconsistency,Introduced torque check checklist and operator training,2025-02-14
D0715,Misalignment,MCH-344,Line-5,2025-04-27,Operator error,Replaced gas regulator and trained operator,2025-04-30
D0716,Overheating,MCH-120,Line-1,2025-02-09,Operator error,Replaced seal and added pressure monitoring,2025-02-12
D0717,Electrical Failure,MCH-355,Line-1,2025-01-09,Operator error,Introduced torque check checklist and operator training,2025-01-10
D0718,Paint Peeling,MCH-356,Line-1,2025-06-27,Gas flow inconsistency,Refilled coolant tank and fixed coolant flow sensor,2025-07-01
D0719,Overheating,MCH-202,Line-3,2025-03-20,Loose wiring,Adjusted machine alignment and replaced worn-out bearings,2025-03-23
D0720,Electrical Failure,MCH-374,Line-2,2025-09-08,Coolant shortage,Replaced seal and added pressure monitoring,2025-09-12
D0721,Burr Formation,MCH-335,Line-2,2025-01-12,Operator error,Polished die and added regular inspection routine,2025-01-16
D0722,Leakage,MCH-170,Line-3,2025-09-07,High machine vibration,Replaced cutting tool and added tool inspection schedule,2025-09-10
D0723,Burr Formation,MCH-219,Line-5,2025-02-22,Seal failure,Calibrated equipment and updated calibration logs,2025-02-24
D0724,Dimension Out of Tolerance,MCH-103,Line-4,2025-02-22,Loose wiring,Replaced gas regulator and trained operator,2025-02-24
D0725,Electrical Failure,MCH-453,Line-4,2025-01-20,Operator error,Replaced cutting tool and added tool inspection schedule,2025-01-21
D0726,Loose Assembly,MCH-159,Line-3,2025-04-28,Tool wear,Secured wiring and scheduled preventive inspection,2025-05-02
D0727,Dimension Out of Tolerance,MCH-413,Line-4,2025-01-13,Tool wear,Refilled coolant tank and fixed coolant flow sensor,2025-01-18
D0728,Burr Formation,MCH-317,Line-5,2025-04-03,Loose wiring,Introduced torque check checklist and operator training,2025-04-04
D0729,Overheating,MCH-294,Line-2,2025-06-15,Tool wear,Introduced torque check checklist and operator training,2025-06-19
D0730,Overheating,MCH-339,Line-5,2025-01-09,Loose wiring,Adjusted machine alignment and replaced worn-out bearings,2025-01-11
D0731,Welding Porosity,MCH-210,Line-4,2025-05-04,Seal failure,Secured wiring and scheduled preventive inspection,2025-05-08
D0732,Surface Crack,MCH-114,Line-4,2025-04-19,Improper calibration,Replaced gas regulator and trained operator,2025-04-23
D0733,Overheating,MCH-266,Line-1,2025-08-18,Tool wear,Calibrated equipment and updated calibration logs,2025-08-19
D0734,Loose Assembly,MCH-181,Line-2,2025-03-18,Seal failure,Refilled coolant tank and fixed coolant flow sensor,2025-03-19
D0735,Overheating,MCH-350,Line-2,2025-01-04,Improper calibration,Calibrated oven temperature and added monitoring alert,2025-01-09
D0736,Dimension Out of Tolerance,MCH-431,Line-5,2025-04-04,Gas flow inconsistency,Calibrated equipment and updated calibration logs,2025-04-05
D0737,Electrical Failure,MCH-427,Line-4,2025-09-14,Coolant shortage,Polished die and added regular inspection routine,2025-09-19
D0738,Leakage,MCH-406,Line-3,2025-05-15,Improper calibration,Replaced gas regulator and trained operator,2025-05-20
D0739,Misalignment,MCH-146,Line-3,2025-04-04,Improper calibration,Replaced cutting tool and added tool inspection schedule,2025-04-05
D0740,Welding Porosity,MCH-148,Line-2,2025-08-03,Improper calibration,Calibrated equipment and updated calibration logs,2025-08-04
D0741,Dimension Out of Tolerance,MCH-161,Line-4,2025-05-10,Gas flow inconsistency,Calibrated oven temperature and added monitoring alert,2025-05-11
D0742,Surface Crack,MCH-174,Line-4,2025-05-09,Operator error,Polished die and added regular inspection routine,2025-05-10
D0743,Electrical Failure,MCH-411,Line-5,2025-03-10,Operator error,Calibrated equipment and updated calibration logs,2025-03-13
D0744,Surface Crack,MCH-353,Line-5,2025-03-09,High machine vibration,Refilled coolant tank and fixed coolant flow sensor,2025-03-14
D0745,Misalignment,MCH-399,Line-1,2025-05-28,Worn-out die,Polished die and added regular inspection routine,2025-06-02
D0746,Leakage,MCH-268,Line-1,2025-07-13,Improper curing temperature,Calibrated equipment and updated calibration logs,2025-07-17
D0747,Welding Porosity,MCH-469,Line-4,2025-05-01,Seal failure,Calibrated equipment and updated calibration logs,2025-05-05
D0748,Misalignment,MCH-357,Line-5,2025-02-27,Operator error,Secured wiring and scheduled preventive inspection,2025-03-03
D0749,Loose Assembly,MCH-397,Line-2,2025-08-25,Loose wiring,Secured wiring and scheduled preventive inspection,2025-08-29
D0750,Surface Crack,MCH-314,Line-1,2025-05-18,Improper curing temperature,Replaced seal and added pressure monitoring,2025-05-22
D0751,Paint Peeling,MCH-286,Line-3,2025-04-16,Gas flow inconsistency,Adjusted machine alignment and replaced worn-out bearings,2025-04-17
D0752,Loose Assembly,MCH-204,Line-2,2025-02-28,Operator error,Replaced cutting tool and added tool inspection schedule,2025-03-01
D0753,Leakage,MCH-392,Line-5,2025-03-08,Tool wear,Replaced seal and added pressure monitoring,2025-03-09
D0754,Burr Formation,MCH-247,Line-3,2025-08-10,Tool wear,Secured wiring and scheduled preventive inspection,2025-08-13
D0755,Loose Assembly,MCH-481,Line-4,2025-09-03,Tool wear,Replaced gas regulator and trained operator,2025-09-05
D0756,Burr Formation,MCH-392,Line-4,2025-08-22,Operator error,Introduced torque check checklist and operator training,2025-08-23
D0757,Loose Assembly,MCH-170,Line-4,2025-03-03,Seal failure,Polished die and added regular inspection routine,2025-03-08
D0758,Overheating,MCH-223,Line-3,2025-04-27,Operator error,Replaced seal and added pressure monitoring,2025-05-01
D0759,Surface Crack,MCH-368,Line-3,2025-09-03,Seal failure,Replaced cutting tool and added tool inspection schedule,2025-09-05
D0760,Dimension Out of Tolerance,MCH-174,Line-3,2025-05-25,Operator error,Secured wiring and scheduled preventive inspection,2025-05-26
D0761,Burr Formation,MCH-493,Line-5,2025-04-10,Coolant shortage,Adjusted machine alignment and replaced worn-out bearings,2025-04-14
D0762,Misalignment,MCH-365,Line-3,2025-08-24,Coolant shortage,Replaced gas regulator and trained operator,2025-08-28
D0763,Leakage,MCH-172,Line-5,2025-06-03,Gas flow inconsistency,Replaced seal and added pressure monitoring,2025-06-07
D0764,Paint Peeling,MCH-230,Line-1,2025-09-10,Seal failure,Introduced torque check checklist and operator training,2025-09-13
D0765,Overheating,MCH-327,Line-4,2025-07-17,High machine vibration,Calibrated oven temperature and added monitoring alert,2025-07-19
D0766,Misalignment,MCH-421,Line-4,2025-01-02,Coolant shortage,Adjusted machine alignment and replaced worn-out bearings,2025-01-03
D0767,Leakage,MCH-217,Line-3,2025-03-24,Tool wear,Calibrated oven temperature and added monitoring alert,2025-03-26
D0768,Surface Crack,MCH-281,Line-4,2025-09-04,Gas flow inconsistency,Calibrated oven temperature and added monitoring alert,2025-09-08
D0769,Overheating,MCH-193,Line-1,2025-01-15,Tool wear,Introduced torque check checklist and operator training,2025-01-18
D0770,Burr Formation,MCH-399,Line-1,2025-07-20,Loose wiring,Replaced cutting tool and added tool inspection schedule,2025-07-24
D0771,Surface Crack,MCH-330,Line-1,2025-01-24,Loose wiring,Calibrated equipment and updated calibration logs,2025-01-26
D0772,Burr Formation,MCH-470,Line-4,2025-02-26,Tool wear,Introduced torque check checklist and operator training,2025-02-27
D0773,Paint Peeling,MCH-255,Line-5,2025-06-04,Gas flow inconsistency,Introduced torque check checklist and operator training,2025-06-05
D0774,Paint Peeling,MCH-269,Line-2,2025-09-12,Improper curing temperature,Replaced gas regulator and trained operator,2025-09-17
D0775,Welding Porosity,MCH-269,Line-5,2025-03-20,Operator error,Polished die and added regular inspection routine,2025-03-24
D0776,Burr Formation,MCH-461,Line-3,2025-01-09,Improper curing temperature,Replaced seal and added pressure monitoring,2025-01-11
D0777,Overheating,MCH-397,Line-2,2025-05-15,Improper curing temperature,Introduced torque check checklist and operator training,2025-05-16
D0778,Loose Assembly,MCH-146,Line-5,2025-02-28,Seal failure,Polished die and added regular inspection routine,2025-03-02
D0779,Burr Formation,MCH-367,Line-1,2025-04-23,High machine vibration,Polished die and added regular inspection routine,2025-04-27
D0780,Welding Porosity,MCH-371,Line-4,2025-02-15,Seal failure,Refilled coolant tank and fixed coolant flow sensor,2025-02-17
D0781,Misalignment,MCH-300,Line-4,2025-06-16,Coolant shortage,Polished die and added regular inspection routine,2025-06-18
D0782,Paint Peeling,MCH-174,Line-1,2025-07-31,Operator error,Replaced seal and added pressure monitoring,2025-08-03
D0783,Welding Porosity,MCH-135,Line-4,2025-07-05,Worn-out die,Polished die and added regular inspection routine,2025-07-07
D0784,Leakage,MCH-477,Line-4,2025-09-05,Coolant shortage,Calibrated equipment and updated calibration logs,2025-09-07
D0785,Loose Assembly,MCH-346,Line-2,2025-05-09,Gas flow inconsistency,Introduced torque check checklist and operator training,2025-05-10
D0786,Burr Formation,MCH-163,Line-2,2025-05-29,Tool wear,Calibrated equipment and updated calibration logs,2025-06-01
D0787,Dimension Out of Tolerance,MCH-283,Line-2,2025-07-28,Worn-out die,Calibrated equipment and updated calibration logs,2025-08-02
D0788,Overheating,MCH-409,Line-2,2025-06-16,High machine vibration,Introduced torque check checklist and operator training,2025-06-21
D0789,Overheating,MCH-366,Line-4,2025-07-10,High machine vibration,Replaced cutting tool and added tool inspection schedule,2025-07-14
D0790,Paint Peeling,MCH-130,Line-5,2025-06-16,Tool wear,Replaced gas regulator and trained operator,2025-06-18
D0791,Leakage,MCH-468,Line-4,2025-07-14,Improper curing temperature,Introduced torque check checklist and operator training,2025-07-17
D0792,Burr Formation,MCH-497,Line-1,2025-06-10,Improper curing temperature,Replaced seal and added pressure monitoring,2025-06-15
D0793,Burr Formation,MCH-490,Line-2,2025-06-27,Improper calibration,Replaced cutting tool and added tool inspection schedule,2025-07-02
D0794,Leakage,MCH-236,Line-5,2025-05-26,Tool wear,Calibrated equipment and updated calibration logs,2025-05-29
D0795,Loose Assembly,MCH-137,Line-4,2025-06-07,High machine vibration,Refilled coolant tank and fixed coolant flow sensor,2025-06-10
D0796,Burr Formation,MCH-207,Line-4,2025-06-15,High machine vibration,Adjusted machine alignment and replaced worn-out bearings,2025-06-17
D0797,Electrical Failure,MCH-240,Line-5,2025-05-17,Improper calibration,Polished die and added regular inspection routine,2025-05-20
D0798,Electrical Failure,MCH-428,Line-3,2025-02-03,Coolant shortage,Polished die and added regular inspection routine,2025-02-05
D0799,Leakage,MCH-367,Line-5,2025-07-30,Coolant shortage,Adjusted machine alignment and replaced worn-out bearings,2025-07-31
D0800,Electrical Failure,MCH-267,Line-3,2025-06-23,Gas flow inconsistency,Calibrated oven temperature and added monitoring alert,2025-06-24
D0801,Burr Formation,MCH-291,Line-4,2025-03-25,Loose wiring,Replaced gas regulator and trained operator,2025-03-26
D0802,Dimension Out of Tolerance,MCH-123,Line-5,2025-03-11,Improper calibration,Secured wiring and scheduled preventive inspection,2025-03-12
D0803,Burr Formation,MCH-317,Line-5,2025-04-05,Operator error,Replaced cutting tool and added tool inspection schedule,2025-04-06
D0804,Surface Crack,MCH-318,Line-3,2025-07-15,Operator error,Refilled coolant tank and fixed coolant flow sensor,2025-07-18
D0805,Surface Crack,MCH-104,Line-1,2025-03-16,Loose wiring,Calibrated oven temperature and added monitoring alert,2025-03-18
D0806,Dimension Out of Tolerance,MCH-443,Line-4,2025-03-01,Seal failure,Calibrated oven temperature and added monitoring alert,2025-03-06
D0807,Welding Porosity,MCH-380,Line-3,2025-02-04,Loose wiring,Calibrated equipment and updated calibration logs,2025-02-09
D0808,Electrical Failure,MCH-164,Line-4,2025-08-22,Operator error,Polished die and added regular inspection routine,2025-08-24
D0809,Dimension Out of Tolerance,MCH-353,Line-5,2025-06-21,Improper curing temperature,Introduced torque check checklist and operator training,2025-06-24
D0810,Misalignment,MCH-326,Line-2,2025-07-29,Operator error,Replaced cutting tool and added tool inspection schedule,2025-07-31
D0811,Electrical Failure,MCH-414,Line-1,2025-01-31,Coolant shortage,Calibrated oven temperature and added monitoring alert,2025-02-04
D0812,Electrical Failure,MCH-120,Line-1,2025-07-02,Coolant shortage,Introduced torque check checklist and operator training,2025-07-05
D0813,Leakage,MCH-313,Line-1,2025-04-23,Tool wear,Calibrated equipment and updated calibration logs,2025-04-27
D0814,Leakage,MCH-230,Line-3,2025-05-10,Improper curing temperature,Replaced cutting tool and added tool inspection schedule,2025-05-13
D0815,Dimension Out of Tolerance,MCH-486,Line-2,2025-06-02,Coolant shortage,Adjusted machine alignment and replaced worn-out bearings,2025-06-05
D0816,Surface Crack,MCH-385,Line-3,2025-05-30,Loose wiring,Polished die and added regular inspection routine,2025-05-31
D0817,Paint Peeling,MCH-142,Line-2,2025-09-06,Loose wiring,Introduced torque check checklist and operator training,2025-09-11
D0818,Leakage,MCH-309,Line-4,2025-01-11,Worn-out die,Refilled coolant tank and fixed coolant flow sensor,2025-01-13
D0819,Surface Crack,MCH-365,Line-1,2025-01-04,Seal failure,Refilled coolant tank and fixed coolant flow sensor,2025-01-07
D0820,Burr Formation,MCH-423,Line-4,2025-02-23,Worn-out die,Introduced torque check checklist and operator training,2025-02-25
D0821,Welding Porosity,MCH-423,Line-4,2025-08-10,Operator error,Replaced cutting tool and added tool inspection schedule,2025-08-14
D0822,Misalignment,MCH-178,Line-2,2025-05-04,Coolant shortage,Secured wiring and scheduled preventive inspection,2025-05-05
D0823,Welding Porosity,MCH-388,Line-1,2025-04-09,Improper calibration,Adjusted machine alignment and replaced worn-out bearings,2025-04-10
D0824,Overheating,MCH-109,Line-1,2025-01-04,High machine vibration,Secured wiring and scheduled preventive inspection,2025-01-07
D0825,Surface Crack,MCH-388,Line-4,2025-04-05,Worn-out die,Replaced cutting tool and added tool inspection schedule,2025-04-06
D0826,Misalignment,MCH-323,Line-5,2025-08-15,Improper curing temperature,Calibrated equipment and updated calibration logs,2025-08-17
D0827,Overheating,MCH-207,Line-4,2025-05-09,Improper curing temperature,Calibrated equipment and updated calibration logs,2025-05-14
D0828,Loose Assembly,MCH-467,Line-4,2025-05-11,Operator error,Replaced seal and added pressure monitoring,2025-05-13
D0829,Surface Crack,MCH-379,Line-3,2025-07-10,Improper calibration,Replaced cutting tool and added tool inspection schedule,2025-07-11
D0830,Loose Assembly,MCH-424,Line-1,2025-04-30,Coolant shortage,Introduced torque check checklist and operator training,2025-05-02
D0831,Dimension Out of Tolerance,MCH-165,Line-3,2025-03-15,Worn-out die,Secured wiring and scheduled preventive inspection,2025-03-18
D0832,Surface Crack,MCH-350,Line-5,2025-05-31,Gas flow inconsistency,Replaced gas regulator and trained operator,2025-06-05
D0833,Surface Crack,MCH-146,Line-1,2025-04-29,Loose wiring,Replaced cutting tool and added tool inspection schedule,2025-04-30
D0834,Electrical Failure,MCH-137,Line-3,2025-05-23,Tool wear,Replaced gas regulator and trained operator,2025-05-28
D0835,Loose Assembly,MCH-275,Line-5,2025-03-28,Worn-out die,Secured wiring and scheduled preventive inspection,2025-03-30
D0836,Dimension Out of Tolerance,MCH-332,Line-3,2025-01-29,Operator error,Calibrated equipment and updated calibration logs,2025-01-30
D0837,Paint Peeling,MCH-375,Line-4,2025-06-23,Improper calibration,Replaced seal and added pressure monitoring,2025-06-28
D0838,Surface Crack,MCH-123,Line-2,2025-05-21,Coolant shortage,Adjusted machine alignment and replaced worn-out bearings,2025-05-23
D0839,Surface Crack,MCH-255,Line-2,2025-07-18,Improper curing temperature,Polished die and added regular inspection routine,2025-07-20
D0840,Electrical Failure,MCH-172,Line-1,2025-04-09,Improper curing temperature,Polished die and added regular inspection routine,2025-04-14
D0841,Paint Peeling,MCH-212,Line-1,2025-04-13,Improper calibration,Adjusted machine alignment and replaced worn-out bearings,2025-04-16
D0842,Loose Assembly,MCH-389,Line-1,2025-02-15,Operator error,Calibrated equipment and updated calibration logs,2025-02-16
D0843,Welding Porosity,MCH-332,Line-3,2025-08-04,Improper calibration,Calibrated oven temperature and added monitoring alert,2025-08-08
D0844,Dimension Out of Tolerance,MCH-172,Line-2,2025-05-02,Tool wear,Calibrated equipment and updated calibration logs,2025-05-04
D0845,Dimension Out of Tolerance,MCH-233,Line-4,2025-08-10,Loose wiring,Adjusted machine alignment and replaced worn-out bearings,2025-08-12
D0846,Surface Crack,MCH-410,Line-5,2025-07-13,Gas flow inconsistency,Polished die and added regular inspection routine,2025-07-16
D0847,Welding Porosity,MCH-147,Line-3,2025-01-26,Operator error,Calibrated equipment and updated calibration logs,2025-01-31
D0848,Paint Peeling,MCH-455,Line-3,2025-07-15,Improper curing temperature,Secured wiring and scheduled preventive inspection,2025-07-20
D0849,Overheating,MCH-133,Line-3,2025-05-05,Seal failure,Refilled coolant tank and fixed coolant flow sensor,2025-05-10
D0850,Surface Crack,MCH-500,Line-2,2025-07-02,Gas flow inconsistency,Replaced gas regulator and trained operator,2025-07-06
D0851,Leakage,MCH-400,Line-4,2025-01-16,Coolant shortage,Replaced seal and added pressure monitoring,2025-01-20
D0852,Loose Assembly,MCH-387,Line-4,2025-04-25,Improper calibration,Adjusted machine alignment and replaced worn-out bearings,2025-04-28
D0853,Misalignment,MCH-204,Line-3,2025-07-27,High machine vibration,Replaced seal and added pressure monitoring,2025-08-01
D0854,Paint Peeling,MCH-445,Line-2,2025-01-22,Coolant shortage,Polished die and added regular inspection routine,2025-01-23
D0855,Paint Peeling,MCH-127,Line-4,2025-02-25,Improper calibration,Calibrated oven temperature and added monitoring alert,2025-02-26
D0856,Overheating,MCH-438,Line-5,2025-08-03,Worn-out die,Calibrated oven temperature and added monitoring alert,2025-08-07
D0857,Overheating,MCH-223,Line-2,2025-05-11,High machine vibration,Calibrated oven temperature and added monitoring alert,2025-05-14
D0858,Dimension Out of Tolerance,MCH-229,Line-5,2025-03-18,Coolant shortage,Secured wiring and scheduled preventive inspection,2025-03-20
D0859,Surface Crack,MCH-242,Line-3,2025-05-20,Improper curing temperature,Secured wiring and scheduled preventive inspection,2025-05-22
D0860,Paint Peeling,MCH-478,Line-2,2025-01-06,Loose wiring,Adjusted machine alignment and replaced worn-out bearings,2025-01-11
D0861,Overheating,MCH-390,Line-1,2025-01-12,Coolant shortage,Secured wiring and scheduled preventive inspection,2025-01-16
D0862,Burr Formation,MCH-404,Line-3,2025-01-06,High machine vibration,Replaced gas regulator and trained operator,2025-01-08
D0863,Welding Porosity,MCH-356,Line-5,2025-04-28,Worn-out die,Calibrated equipment and updated calibration logs,2025-04-29
D0864,Burr Formation,MCH-473,Line-3,2025-09-17,Seal failure,Introduced torque check checklist and operator training,2025-09-20
D0865,Overheating,MCH-125,Line-4,2025-05-19,Seal failure,Adjusted machine alignment and replaced worn-out bearings,2025-05-20
D0866,Welding Porosity,MCH-136,Line-3,2025-06-25,Loose wiring,Secured wiring and scheduled preventive inspection,2025-06-29
D0867,Surface Crack,MCH-209,Line-3,2025-08-07,Improper curing temperature,Secured wiring and scheduled preventive inspection,2025-08-10
D0868,Misalignment,MCH-387,Line-2,2025-08-26,Operator error,Introduced torque check checklist and operator training,2025-08-30
D0869,Surface Crack,MCH-436,Line-4,2025-02-19,Loose wiring,Refilled coolant tank and fixed coolant flow sensor,2025-02-24
D0870,Dimension Out of Tolerance,MCH-266,Line-2,2025-08-21,Loose wiring,Polished die and added regular inspection routine,2025-08-23
D0871,Dimension Out of Tolerance,MCH-400,Line-4,2025-05-30,Improper calibration,Secured wiring and scheduled preventive inspection,2025-06-03
D0872,Leakage,MCH-500,Line-3,2025-05-22,Loose wiring,Calibrated equipment and updated calibration logs,2025-05-23
D0873,Electrical Failure,MCH-316,Line-4,2025-04-13,Coolant shortage,Replaced gas regulator and trained operator,2025-04-16
D0874,Burr Formation,MCH-342,Line-5,2025-07-02,Loose wiring,Replaced gas regulator and trained operator,2025-07-07
D0875,Misalignment,MCH-459,Line-4,2025-03-02,Operator error,Replaced gas regulator and trained operator,2025-03-03
D0876,Overheating,MCH-312,Line-3,2025-09-01,Operator error,Replaced cutting tool and added tool inspection schedule,2025-09-02
D0877,Loose Assembly,MCH-166,Line-5,2025-06-24,Seal failure,Refilled coolant tank and fixed coolant flow sensor,2025-06-29
D0878,Misalignment,MCH-331,Line-2,2025-01-14,Coolant shortage,Refilled coolant tank and fixed coolant flow sensor,2025-01-19
D0879,Loose Assembly,MCH-363,Line-1,2025-09-05,Operator error,Introduced torque check checklist and operator training,2025-09-08
D0880,Misalignment,MCH-485,Line-2,2025-07-31,Loose wiring,Calibrated oven temperature and added monitoring alert,2025-08-02
D0881,Burr Formation,MCH-262,Line-1,2025-05-30,High machine vibration,Replaced seal and added pressure monitoring,2025-06-01
D0882,Dimension Out of Tolerance,MCH-485,Line-3,2025-01-02,Operator error,Adjusted machine alignment and replaced worn-out bearings,2025-01-05
D0883,Overheating,MCH-327,Line-5,2025-06-19,Coolant shortage,Refilled coolant tank and fixed coolant flow sensor,2025-06-24
D0884,Surface Crack,MCH-269,Line-1,2025-08-17,Tool wear,Calibrated equipment and updated calibration logs,2025-08-22
D0885,Leakage,MCH-382,Line-5,2025-04-08,Loose wiring,Secured wiring and scheduled preventive inspection,2025-04-10
D0886,Welding Porosity,MCH-228,Line-3,2025-03-24,Operator error,Replaced cutting tool and added tool inspection schedule,2025-03-28
D0887,Burr Formation,MCH-113,Line-4,2025-01-11,Operator error,Secured wiring and scheduled preventive inspection,2025-01-13
D0888,Burr Formation,MCH-249,Line-5,2025-01-12,Improper curing temperature,Calibrated equipment and updated calibration logs,2025-01-17
D0889,Surface Crack,MCH-179,Line-3,2025-06-19,Coolant shortage,Polished die and added regular inspection routine,2025-06-22
D0890,Welding Porosity,MCH-110,Line-2,2025-07-05,High machine vibration,Calibrated equipment and updated calibration logs,2025-07-08
D0891,Paint Peeling,MCH-483,Line-3,2025-04-03,Coolant shortage,Replaced seal and added pressure monitoring,2025-04-07
D0892,Leakage,MCH-379,Line-4,2025-01-29,Improper curing temperature,Calibrated oven temperature and added monitoring alert,2025-02-02
D0893,Leakage,MCH-405,Line-4,2025-07-09,Tool wear,Introduced torque check checklist and operator training,2025-07-14
D0894,Dimension Out of Tolerance,MCH-265,Line-1,2025-04-24,Loose wiring,Replaced gas regulator and trained operator,2025-04-25
D0895,Dimension Out of Tolerance,MCH-222,Line-4,2025-08-21,Improper curing temperature,Replaced cutting tool and added tool inspection schedule,2025-08-25
D0896,Loose Assembly,MCH-217,Line-2,2025-06-01,Operator error,Replaced gas regulator and trained operator,2025-06-02
D0897,Dimension Out of Tolerance,MCH-296,Line-2,2025-03-03,Gas flow inconsistency,Calibrated equipment and updated calibration logs,2025-03-07
D0898,Loose Assembly,MCH-335,Line-5,2025-05-05,Tool wear,Polished die and added regular inspection routine,2025-05-09
D0899,Welding Porosity,MCH-110,Line-2,2025-08-20,Gas flow inconsistency,Replaced cutting tool and added tool inspection schedule,2025-08-25
D0900,Welding Porosity,MCH-159,Line-4,2025-01-17,Seal failure,Adjusted machine alignment and replaced worn-out bearings,2025-01-21
D0901,Burr Formation,MCH-437,Line-5,2025-05-07,High machine vibration,Secured wiring and scheduled preventive inspection,2025-05-10
D0902,Burr Formation,MCH-228,Line-5,2025-02-11,Operator error,Introduced torque check checklist and operator training,2025-02-16
D0903,Surface Crack,MCH-378,Line-5,2025-08-12,Seal failure,Calibrated equipment and updated calibration logs,2025-08-16
D0904,Leakage,MCH-319,Line-3,2025-03-13,Loose wiring,Calibrated oven temperature and added monitoring alert,2025-03-15
D0905,Welding Porosity,MCH-310,Line-5,2025-04-02,Improper calibration,Refilled coolant tank and fixed coolant flow sensor,2025-04-05
D0906,Burr Formation,MCH-130,Line-4,2025-07-28,Worn-out die,Introduced torque check checklist and operator training,2025-08-01
D0907,Surface Crack,MCH-165,Line-4,2025-01-20,High machine vibration,Calibrated equipment and updated calibration logs,2025-01-23
D0908,Paint Peeling,MCH-406,Line-4,2025-06-12,Tool wear,Replaced gas regulator and trained operator,2025-06-17
D0909,Surface Crack,MCH-318,Line-5,2025-01-06,Operator error,Replaced seal and added pressure monitoring,2025-01-08
D0910,Surface Crack,MCH-142,Line-1,2025-03-28,Seal failure,Adjusted machine alignment and replaced worn-out bearings,2025-03-31
D0911,Welding Porosity,MCH-396,Line-2,2025-01-12,Tool wear,Polished die and added regular inspection routine,2025-01-14
D0912,Misalignment,MCH-372,Line-1,2025-02-02,Gas flow inconsistency,Replaced cutting tool and added tool inspection schedule,2025-02-06
D0913,Paint Peeling,MCH-237,Line-4,2025-05-12,Gas flow inconsistency,Replaced cutting tool and added tool inspection schedule,2025-05-17
D0914,Misalignment,MCH-152,Line-5,2025-08-24,Improper calibration,Calibrated equipment and updated calibration logs,2025-08-26
D0915,Misalignment,MCH-367,Line-4,2025-08-31,Coolant shortage,Secured wiring and scheduled preventive inspection,2025-09-04
D0916,Leakage,MCH-310,Line-1,2025-06-01,Gas flow inconsistency,Replaced seal and added pressure monitoring,2025-06-04
D0917,Loose Assembly,MCH-346,Line-5,2025-07-17,Improper curing temperature,Calibrated equipment and updated calibration logs,2025-07-19
D0918,Welding Porosity,MCH-126,Line-3,2025-03-28,Tool wear,Polished die and added regular inspection routine,2025-03-30
D0919,Misalignment,MCH-405,Line-4,2025-04-23,Loose wiring,Replaced seal and added pressure monitoring,2025-04-26
D0920,Paint Peeling,MCH-190,Line-5,2025-09-06,Operator error,Replaced cutting tool and added tool inspection schedule,2025-09-08
D0921,Electrical Failure,MCH-295,Line-1,2025-08-07,Improper curing temperature,Polished die and added regular inspection routine,2025-08-08
D0922,Misalignment,MCH-328,Line-1,2025-03-18,Gas flow inconsistency,Calibrated equipment and updated calibration logs,2025-03-23
D0923,Welding Porosity,MCH-148,Line-5,2025-08-02,Loose wiring,Adjusted machine alignment and replaced worn-out bearings,2025-08-04
D0924,Surface Crack,MCH-128,Line-4,2025-01-17,Tool wear,Secured wiring and scheduled preventive inspection,2025-01-21
D0925,Electrical Failure,MCH-332,Line-2,2025-07-12,Improper curing temperature,Secured wiring and scheduled preventive inspection,2025-07-16
D0926,Loose Assembly,MCH-118,Line-1,2025-04-13,Coolant shortage,Replaced seal and added pressure monitoring,2025-04-14
D0927,Surface Crack,MCH-202,Line-4,2025-02-22,Loose wiring,Replaced seal and added pressure monitoring,2025-02-25
D0928,Surface Crack,MCH-120,Line-3,2025-02-05,Improper curing temperature,Replaced seal and added pressure monitoring,2025-02-10
D0929,Surface Crack,MCH-424,Line-4,2025-01-18,Loose wiring,Refilled coolant tank and fixed coolant flow sensor,2025-01-20
D0930,Overheating,MCH-155,Line-3,2025-06-11,Improper calibration,Adjusted machine alignment and replaced worn-out bearings,2025-06-13
D0931,Loose Assembly,MCH-172,Line-5,2025-03-14,Improper curing temperature,Replaced cutting tool and added tool inspection schedule,2025-03-19
D0932,Surface Crack,MCH-277,Line-2,2025-02-12,Worn-out die,Replaced cutting tool and added tool inspection schedule,2025-02-14
D0933,Dimension Out of Tolerance,MCH-427,Line-5,2025-03-19,Improper calibration,Secured wiring and scheduled preventive inspection,2025-03-22
D0934,Welding Porosity,MCH-253,Line-5,2025-03-24,Tool wear,Refilled coolant tank and fixed coolant flow sensor,2025-03-27
D0935,Surface Crack,MCH-288,Line-4,2025-08-18,Improper curing temperature,Replaced gas regulator and trained operator,2025-08-19
D0936,Surface Crack,MCH-465,Line-3,2025-04-01,Seal failure,Refilled coolant tank and fixed coolant flow sensor,2025-04-03
D0937,Dimension Out of Tolerance,MCH-173,Line-2,2025-05-16,Gas flow inconsistency,Replaced gas regulator and trained operator,2025-05-21
D0938,Electrical Failure,MCH-460,Line-3,2025-06-23,Improper curing temperature,Polished die and added regular inspection routine,2025-06-28
D0939,Loose Assembly,MCH-156,Line-4,2025-03-07,Loose wiring,Calibrated equipment and updated calibration logs,2025-03-08
D0940,Electrical Failure,MCH-416,Line-5,2025-02-26,Improper calibration,Polished die and added regular inspection routine,2025-02-28
D0941,Dimension Out of Tolerance,MCH-199,Line-5,2025-07-01,Worn-out die,Adjusted machine alignment and replaced worn-out bearings,2025-07-04
D0942,Surface Crack,MCH-156,Line-4,2025-01-18,Improper calibration,Replaced gas regulator and trained operator,2025-01-23
D0943,Misalignment,MCH-254,Line-3,2025-09-02,Seal failure,Calibrated equipment and updated calibration logs,2025-09-07
D0944,Leakage,MCH-267,Line-2,2025-04-28,Tool wear,Secured wiring and scheduled preventive inspection,2025-05-01
D0945,Loose Assembly,MCH-111,Line-5,2025-07-13,High machine vibration,Secured wiring and scheduled preventive inspection,2025-07-15
D0946,Loose Assembly,MCH-146,Line-4,2025-02-22,Tool wear,Adjusted machine alignment and replaced worn-out bearings,2025-02-24
D0947,Burr Formation,MCH-152,Line-5,2025-08-29,Improper calibration,Replaced cutting tool and added tool inspection schedule,2025-09-01
D0948,Burr Formation,MCH-462,Line-2,2025-06-12,Loose wiring,Replaced seal and added pressure monitoring,2025-06-13
D0949,Surface Crack,MCH-475,Line-1,2025-08-13,Improper curing temperature,Replaced seal and added pressure monitoring,2025-08-18
D0950,Paint Peeling,MCH-401,Line-1,2025-05-29,Worn-out die,Secured wiring and scheduled preventive inspection,2025-06-01
D0951,Welding Porosity,MCH-358,Line-3,2025-07-25,High machine vibration,Secured wiring and scheduled preventive inspection,2025-07-29
D0952,Burr Formation,MCH-291,Line-4,2025-01-04,Operator error,Replaced gas regulator and trained operator,2025-01-06
D0953,Burr Formation,MCH-442,Line-2,2025-06-25,Improper calibration,Secured wiring and scheduled preventive inspection,2025-06-27
D0954,Burr Formation,MCH-315,Line-3,2025-04-01,Operator error,Calibrated equipment and updated calibration logs,2025-04-03
D0955,Overheating,MCH-484,Line-5,2025-07-30,Worn-out die,Replaced cutting tool and added tool inspection schedule,2025-08-04
D0956,Paint Peeling,MCH-279,Line-4,2025-04-06,Worn-out die,Introduced torque check checklist and operator training,2025-04-07
D0957,Surface Crack,MCH-272,Line-5,2025-04-30,Worn-out die,Calibrated equipment and updated calibration logs,2025-05-03
D0958,Dimension Out of Tolerance,MCH-127,Line-3,2025-07-16,Coolant shortage,Replaced gas regulator and trained operator,2025-07-21
D0959,Leakage,MCH-409,Line-5,2025-01-12,Worn-out die,Calibrated oven temperature and added monitoring alert,2025-01-13
D0960,Electrical Failure,MCH-342,Line-2,2025-01-20,Tool wear,Replaced cutting tool and added tool inspection schedule,2025-01-23
D0961,Dimension Out of Tolerance,MCH-423,Line-5,2025-08-10,High machine vibration,Refilled coolant tank and fixed coolant flow sensor,2025-08-14
D0962,Leakage,MCH-166,Line-5,2025-06-10,High machine vibration,Replaced cutting tool and added tool inspection schedule,2025-06-14
D0963,Electrical Failure,MCH-464,Line-4,2025-02-27,Worn-out die,Replaced seal and added pressure monitoring,2025-03-02
D0964,Overheating,MCH-252,Line-5,2025-06-16,Tool wear,Polished die and added regular inspection routine,2025-06-18
D0965,Leakage,MCH-209,Line-2,2025-04-25,High machine vibration,Secured wiring and scheduled preventive inspection,2025-04-29
D0966,Burr Formation,MCH-408,Line-1,2025-05-03,Gas flow inconsistency,Introduced torque check checklist and operator training,2025-05-07
D0967,Surface Crack,MCH-440,Line-2,2025-07-21,High machine vibration,Replaced seal and added pressure monitoring,2025-07-24
D0968,Misalignment,MCH-178,Line-1,2025-09-09,Seal failure,Introduced torque check checklist and operator training,2025-09-10
D0969,Loose Assembly,MCH-410,Line-3,2025-01-06,Gas flow inconsistency,Introduced torque check checklist and operator training,2025-01-07
D0970,Misalignment,MCH-182,Line-3,2025-07-17,Improper curing temperature,Replaced gas regulator and trained operator,2025-07-18
D0971,Loose Assembly,MCH-374,Line-4,2025-08-08,Seal failure,Polished die and added regular inspection routine,2025-08-12
D0972,Surface Crack,MCH-430,Line-5,2025-01-17,High machine vibration,Replaced gas regulator and trained operator,2025-01-19
D0973,Burr Formation,MCH-442,Line-4,2025-01-29,High machine vibration,Secured wiring and scheduled preventive inspection,2025-02-01
D0974,Burr Formation,MCH-129,Line-5,2025-01-04,Operator error,Adjusted machine alignment and replaced worn-out bearings,2025-01-09
D0975,Overheating,MCH-245,Line-2,2025-01-08,Tool wear,Replaced cutting tool and added tool inspection schedule,2025-01-13
D0976,Electrical Failure,MCH-480,Line-2,2025-02-14,High machine vibration,Replaced cutting tool and added tool inspection schedule,2025-02-15
D0977,Electrical Failure,MCH-421,Line-3,2025-05-18,Tool wear,Introduced torque check checklist and operator training,2025-05-21
D0978,Electrical Failure,MCH-464,Line-2,2025-09-02,Gas flow inconsistency,Replaced seal and added pressure monitoring,2025-09-05
D0979,Dimension Out of Tolerance,MCH-394,Line-3,2025-02-12,Gas flow inconsistency,Secured wiring and scheduled preventive inspection,2025-02-17
D0980,Misalignment,MCH-249,Line-5,2025-08-08,Seal failure,Replaced gas regulator and trained operator,2025-08-10
D0981,Leakage,MCH-364,Line-2,2025-03-22,Tool wear,Replaced seal and added pressure monitoring,2025-03-24
D0982,Surface Crack,MCH-325,Line-4,2025-01-21,Operator error,Introduced torque check checklist and operator training,2025-01-26
D0983,Electrical Failure,MCH-201,Line-3,2025-06-04,Loose wiring,Calibrated equipment and updated calibration logs,2025-06-08
D0984,Welding Porosity,MCH-396,Line-3,2025-01-03,Operator error,Refilled coolant tank and fixed coolant flow sensor,2025-01-06
D0985,Welding Porosity,MCH-136,Line-5,2025-01-11,Worn-out die,Introduced torque check checklist and operator training,2025-01-15
D0986,Welding Porosity,MCH-375,Line-3,2025-04-30,Operator error,Replaced cutting tool and added tool inspection schedule,2025-05-04
D0987,Dimension Out of Tolerance,MCH-400,Line-2,2025-09-18,Loose wiring,Replaced gas regulator and trained operator,2025-09-22
D0988,Leakage,MCH-191,Line-4,2025-07-20,Coolant shortage,Adjusted machine alignment and replaced worn-out bearings,2025-07-21
D0989,Loose Assembly,MCH-101,Line-3,2025-06-21,Improper curing temperature,Calibrated equipment and updated calibration logs,2025-06-25
D0990,Welding Porosity,MCH-242,Line-4,2025-01-31,Seal failure,Replaced cutting tool and added tool inspection schedule,2025-02-05
D0991,Surface Crack,MCH-159,Line-2,2025-03-13,Worn-out die,Adjusted machine alignment and replaced worn-out bearings,2025-03-16
D0992,Misalignment,MCH-331,Line-2,2025-05-03,Loose wiring,Adjusted machine alignment and replaced worn-out bearings,2025-05-04
D0993,Surface Crack,MCH-407,Line-3,2025-07-26,Worn-out die,Secured wiring and scheduled preventive inspection,2025-07-31
D0994,Leakage,MCH-209,Line-4,2025-06-06,Worn-out die,Adjusted machine alignment and replaced worn-out bearings,2025-06-10
D0995,Loose Assembly,MCH-469,Line-2,2025-06-10,Coolant shortage,Calibrated oven temperature and added monitoring alert,2025-06-15
D0996,Paint Peeling,MCH-361,Line-5,2025-02-03,Loose wiring,Introduced torque check checklist and operator training,2025-02-08
D0997,Leakage,MCH-487,Line-5,2025-02-25,Improper calibration,Polished die and added regular inspection routine,2025-02-27
D0998,Dimension Out of Tolerance,MCH-268,Line-3,2025-06-18,Improper curing temperature,Introduced torque check checklist and operator training,2025-06-21
D0999,Misalignment,MCH-161,Line-4,2025-02-09,Gas flow inconsistency,Refilled coolant tank and fixed coolant flow sensor,2025-02-12
D1000,Loose Assembly,MCH-305,Line-5,2025-04-25,High machine vibration,Replaced cutting tool and added tool inspection schedule,2025-04-28
D1001,Paint Peeling,MCH-392,Line-4,2025-06-04,Loose wiring,Introduced torque check checklist and operator training,2025-06-06
D1002,Electrical Failure,MCH-252,Line-1,2025-07-15,Operator error,Refilled coolant tank and fixed coolant flow sensor,2025-07-19
D1003,Dimension Out of Tolerance,MCH-411,Line-2,2025-08-18,High machine vibration,Refilled coolant tank and fixed coolant flow sensor,2025-08-22
D1004,Loose Assembly,MCH-442,Line-4,2025-09-08,Improper calibration,Replaced gas regulator and trained operator,2025-09-13
D1005,Loose Assembly,MCH-263,Line-4,2025-07-29,Loose wiring,Replaced seal and added pressure monitoring,2025-08-02
D1006,Leakage,MCH-369,Line-3,2025-06-07,High machine vibration,Introduced torque check checklist and operator training,2025-06-11
D1007,Dimension Out of Tolerance,MCH-300,Line-2,2025-08-17,Improper calibration,Calibrated equipment and updated calibration logs,2025-08-20
D1008,Welding Porosity,MCH-229,Line-2,2025-07-19,Loose wiring,Calibrated equipment and updated calibration logs,2025-07-22
D1009,Burr Formation,MCH-493,Line-2,2025-05-19,Gas flow inconsistency,Introduced torque check checklist and operator training,2025-05-23
D1010,Burr Formation,MCH-105,Line-2,2025-05-24,Tool wear,Refilled coolant tank and fixed coolant flow sensor,2025-05-29
D1011,Surface Crack,MCH-337,Line-4,2025-04-08,High machine vibration,Calibrated equipment and updated calibration logs,2025-04-09
D1012,Dimension Out of Tolerance,MCH-269,Line-5,2025-03-14,Worn-out die,Calibrated equipment and updated calibration logs,2025-03-18
D1013,Paint Peeling,MCH-388,Line-5,2025-03-26,Seal failure,Secured wiring and scheduled preventive inspection,2025-03-28
D1014,Leakage,MCH-323,Line-5,2025-06-23,Improper calibration,Secured wiring and scheduled preventive inspection,2025-06-25
D1015,Leakage,MCH-109,Line-4,2025-02-10,Loose wiring,Replaced cutting tool and added tool inspection schedule,2025-02-13
D1016,Surface Crack,MCH-163,Line-2,2025-07-04,Tool wear,Replaced cutting tool and added tool inspection schedule,2025-07-09
D1017,Electrical Failure,MCH-161,Line-1,2025-03-24,Seal failure,Calibrated equipment and updated calibration logs,2025-03-25
D1018,Loose Assembly,MCH-320,Line-5,2025-02-13,Worn-out die,Replaced seal and added pressure monitoring,2025-02-15
D1019,Dimension Out of Tolerance,MCH-446,Line-1,2025-05-10,Improper calibration,Polished die and added regular inspection routine,2025-05-12
D1020,Loose Assembly,MCH-349,Line-4,2025-05-10,Improper calibration,Polished die and added regular inspection routine,2025-05-14
D1021,Dimension Out of Tolerance,MCH-321,Line-3,2025-01-06,Gas flow inconsistency,Replaced seal and added pressure monitoring,2025-01-08
D1022,Welding Porosity,MCH-224,Line-1,2025-04-14,Seal failure,Secured wiring and scheduled preventive inspection,2025-04-16
D1023,Dimension Out of Tolerance,MCH-360,Line-1,2025-08-09,Worn-out die,Calibrated equipment and updated calibration logs,2025-08-12
D1024,Welding Porosity,MCH-488,Line-1,2025-02-18,Improper calibration,Polished die and added regular inspection routine,2025-02-21
D1025,Leakage,MCH-160,Line-3,2025-08-19,Coolant shortage,Secured wiring and scheduled preventive inspection,2025-08-21
D1026,Loose Assembly,MCH-115,Line-5,2025-04-24,Coolant shortage,Calibrated oven temperature and added monitoring alert,2025-04-27
D1027,Burr Formation,MCH-449,Line-4,2025-03-07,Improper calibration,Secured wiring and scheduled preventive inspection,2025-03-11
D1028,Paint Peeling,MCH-475,Line-1,2025-01-12,Coolant shortage,Adjusted machine alignment and replaced worn-out bearings,2025-01-13
D1029,Misalignment,MCH-462,Line-4,2025-07-08,Seal failure,Secured wiring and scheduled preventive inspection,2025-07-13
D1030,Dimension Out of Tolerance,MCH-123,Line-1,2025-08-19,Coolant shortage,Replaced cutting tool and added tool inspection schedule,2025-08-20
D1031,Loose Assembly,MCH-157,Line-4,2025-09-04,Improper calibration,Introduced torque check checklist and operator training,2025-09-08
D1032,Paint Peeling,MCH-127,Line-5,2025-05-27,Operator error,Adjusted machine alignment and replaced worn-out bearings,2025-05-28
D1033,Surface Crack,MCH-189,Line-3,2025-09-08,Tool wear,Calibrated equipment and updated calibration logs,2025-09-11
D1034,Paint Peeling,MCH-387,Line-4,2025-06-07,High machine vibration,Replaced gas regulator and trained operator,2025-06-09
D1035,Welding Porosity,MCH-233,Line-5,2025-06-30,Coolant shortage,Secured wiring and scheduled preventive inspection,2025-07-02
D1036,Surface Crack,MCH-279,Line-5,2025-06-23,Worn-out die,Replaced gas regulator and trained operator,2025-06-26
D1037,Overheating,MCH-109,Line-4,2025-06-11,Seal failure,Calibrated equipment and updated calibration logs,2025-06-16
D1038,Welding Porosity,MCH-173,Line-5,2025-01-29,Seal failure,Calibrated equipment and updated calibration logs,2025-02-02
D1039,Burr Formation,MCH-104,Line-3,2025-09-09,Gas flow inconsistency,Refilled coolant tank and fixed coolant flow sensor,2025-09-11
D1040,Leakage,MCH-452,Line-5,2025-06-18,Improper calibration,Introduced torque check checklist and operator training,2025-06-23
D1041,Overheating,MCH-232,Line-2,2025-06-06,Operator error,Calibrated equipment and updated calibration logs,2025-06-11
D1042,Misalignment,MCH-420,Line-5,2025-03-02,Improper calibration,Calibrated equipment and updated calibration logs,2025-03-07
D1043,Leakage,MCH-251,Line-1,2025-05-20,Improper curing temperature,Polished die and added regular inspection routine,2025-05-21
D1044,Overheating,MCH-246,Line-4,2025-08-19,Improper curing temperature,Refilled coolant tank and fixed coolant flow sensor,2025-08-21
D1045,Dimension Out of Tolerance,MCH-436,Line-2,2025-06-15,Coolant shortage,Calibrated equipment and updated calibration logs,2025-06-19
D1046,Electrical Failure,MCH-103,Line-1,2025-04-02,Improper curing temperature,Secured wiring and scheduled preventive inspection,2025-04-06
D1047,Welding Porosity,MCH-321,Line-1,2025-07-14,Improper curing temperature,Adjusted machine alignment and replaced worn-out bearings,2025-07-15
D1048,Misalignment,MCH-284,Line-2,2025-04-08,Improper curing temperature,Introduced torque check checklist and operator training,2025-04-10
D1049,Overheating,MCH-301,Line-3,2025-09-04,Improper curing temperature,Introduced torque check checklist and operator training,2025-09-07
D1050,Surface Crack,MCH-276,Line-2,2025-09-10,Improper curing temperature,Replaced seal and added pressure monitoring,2025-09-14
D1051,Welding Porosity,MCH-131,Line-2,2025-01-05,Tool wear,Replaced seal and added pressure monitoring,2025-01-06
D1052,Misalignment,MCH-269,Line-4,2025-01-13,Tool wear,Replaced gas regulator and trained operator,2025-01-15
D1053,Leakage,MCH-147,Line-5,2025-04-22,Operator error,Polished die and added regular inspection routine,2025-04-27
D1054,Paint Peeling,MCH-203,Line-5,2025-08-20,Improper calibration,Secured wiring and scheduled preventive inspection,2025-08-21
D1055,Loose Assembly,MCH-379,Line-2,2025-08-08,Worn-out die,Polished die and added regular inspection routine,2025-08-10
D1056,Misalignment,MCH-262,Line-2,2025-05-31,Loose wiring,Replaced gas regulator and trained operator,2025-06-01
D1057,Overheating,MCH-184,Line-5,2025-05-08,Seal failure,Replaced gas regulator and trained operator,2025-05-12
D1058,Burr Formation,MCH-357,Line-3,2025-05-26,Seal failure,Adjusted machine alignment and replaced worn-out bearings,2025-05-29
D1059,Misalignment,MCH-297,Line-4,2025-04-11,Worn-out die,Polished die and added regular inspection routine,2025-04-13
D1060,Burr Formation,MCH-287,Line-4,2025-03-09,Improper calibration,Replaced seal and added pressure monitoring,2025-03-12
D1061,Loose Assembly,MCH-247,Line-3,2025-06-29,Tool wear,Polished die and added regular inspection routine,2025-07-03
D1062,Electrical Failure,MCH-165,Line-2,2025-08-28,Loose wiring,Replaced gas regulator and trained operator,2025-08-29
D1063,Leakage,MCH-233,Line-3,2025-01-15,Gas flow inconsistency,Replaced cutting tool and added tool inspection schedule,2025-01-17
D1064,Dimension Out of Tolerance,MCH-122,Line-5,2025-03-16,Tool wear,Replaced seal and added pressure monitoring,2025-03-21
D1065,Electrical Failure,MCH-431,Line-3,2025-01-08,Gas flow inconsistency,Replaced cutting tool and added tool inspection schedule,2025-01-11
D1066,Paint Peeling,MCH-218,Line-4,2025-04-02,Coolant shortage,Replaced cutting tool and added tool inspection schedule,2025-04-05
D1067,Misalignment,MCH-428,Line-1,2025-07-19,Coolant shortage,Refilled coolant tank and fixed coolant flow sensor,2025-07-21
D1068,Burr Formation,MCH-365,Line-5,2025-08-24,Improper calibration,Polished die and added regular inspection routine,2025-08-25
D1069,Dimension Out of Tolerance,MCH-319,Line-2,2025-05-07,Coolant shortage,Polished die and added regular inspection routine,2025-05-09
D1070,Paint Peeling,MCH-400,Line-4,2025-05-11,High machine vibration,Refilled coolant tank and fixed coolant flow sensor,2025-05-13
D1071,Overheating,MCH-226,Line-2,2025-01-31,Seal failure,Polished die and added regular inspection routine,2025-02-04
D1072,Electrical Failure,MCH-378,Line-3,2025-09-16,Loose wiring,Replaced gas regulator and trained operator,2025-09-18
D1073,Electrical Failure,MCH-118,Line-2,2025-08-18,Loose wiring,Secured wiring and scheduled preventive inspection,2025-08-21
D1074,Paint Peeling,MCH-102,Line-3,2025-05-31,Seal failure,Replaced cutting tool and added tool inspection schedule,2025-06-05
D1075,Misalignment,MCH-148,Line-2,2025-07-11,Tool wear,Replaced seal and added pressure monitoring,2025-07-13
D1076,Dimension Out of Tolerance,MCH-197,Line-4,2025-01-06,Tool wear,Refilled coolant tank and fixed coolant flow sensor,2025-01-08
D1077,Loose Assembly,MCH-233,Line-3,2025-02-19,Seal failure,Calibrated equipment and updated calibration logs,2025-02-23
D1078,Paint Peeling,MCH-422,Line-2,2025-07-08,Tool wear,Secured wiring and scheduled preventive inspection,2025-07-12
D1079,Overheating,MCH-195,Line-3,2025-08-18,High machine vibration,Replaced cutting tool and added tool inspection schedule,2025-08-19
D1080,Dimension Out of Tolerance,MCH-470,Line-2,2025-03-01,Operator error,Secured wiring and scheduled preventive inspection,2025-03-03
D1081,Loose Assembly,MCH-103,Line-3,2025-04-17,Loose wiring,Introduced torque check checklist and operator training,2025-04-18
D1082,Burr Formation,MCH-216,Line-4,2025-02-13,Operator error,Introduced torque check checklist and operator training,2025-02-16
D1083,Loose Assembly,MCH-386,Line-3,2025-06-23,Seal failure,Replaced seal and added pressure monitoring,2025-06-25
D1084,Leakage,MCH-240,Line-2,2025-06-29,Gas flow inconsistency,Replaced seal and added pressure monitoring,2025-06-30
D1085,Overheating,MCH-402,Line-4,2025-03-18,Gas flow inconsistency,Adjusted machine alignment and replaced worn-out bearings,2025-03-22
D1086,Leakage,MCH-315,Line-3,2025-05-11,Seal failure,Polished die and added regular inspection routine,2025-05-14
D1087,Surface Crack,MCH-137,Line-2,2025-05-05,Operator error,Introduced torque check checklist and operator training,2025-05-06
D1088,Loose Assembly,MCH-401,Line-4,2025-05-02,Loose wiring,Calibrated equipment and updated calibration logs,2025-05-07
D1089,Misalignment,MCH-479,Line-3,2025-09-10,High machine vibration,Refilled coolant tank and fixed coolant flow sensor,2025-09-15
D1090,Dimension Out of Tolerance,MCH-382,Line-1,2025-02-07,Worn-out die,Secured wiring and scheduled preventive inspection,2025-02-10
D1091,Dimension Out of Tolerance,MCH-217,Line-3,2025-01-18,Operator error,Secured wiring and scheduled preventive inspection,2025-01-22
D1092,Welding Porosity,MCH-254,Line-3,2025-02-27,Loose wiring,Replaced seal and added pressure monitoring,2025-02-28
D1093,Paint Peeling,MCH-330,Line-5,2025-02-27,Improper calibration,Adjusted machine alignment and replaced worn-out bearings,2025-02-28
D1094,Electrical Failure,MCH-317,Line-3,2025-07-09,Coolant shortage,Secured wiring and scheduled preventive inspection,2025-07-11
D1095,Surface Crack,MCH-227,Line-1,2025-01-05,Improper calibration,Replaced cutting tool and added tool inspection schedule,2025-01-06
D1096,Loose Assembly,MCH-208,Line-1,2025-05-07,Worn-out die,Replaced seal and added pressure monitoring,2025-05-11
D1097,Leakage,MCH-345,Line-4,2025-02-04,High machine vibration,Introduced torque check checklist and operator training,2025-02-05
D1098,Electrical Failure,MCH-390,Line-5,2025-09-08,Seal failure,Calibrated equipment and updated calibration logs,2025-09-11
D1099,Welding Porosity,MCH-136,Line-5,2025-07-02,High machine vibration,Refilled coolant tank and fixed coolant flow sensor,2025-07-05
D1100,Welding Porosity,MCH-400,Line-4,2025-08-15,Worn-out die,Polished die and added regular inspection routine,2025-08-20
D1101,Dimension Out of Tolerance,MCH-485,Line-1,2025-02-15,Coolant shortage,Refilled coolant tank and fixed coolant flow sensor,2025-02-18
D1102,Loose Assembly,MCH-457,Line-2,2025-05-23,Tool wear,Adjusted machine alignment and replaced worn-out bearings,2025-05-28
D1103,Electrical Failure,MCH-315,Line-2,2025-02-15,Seal failure,Refilled coolant tank and fixed coolant flow sensor,2025-02-16
D1104,Electrical Failure,MCH-138,Line-2,2025-09-05,Tool wear,Calibrated equipment and updated calibration logs,2025-09-09
D1105,Surface Crack,MCH-264,Line-1,2025-06-12,Improper calibration,Replaced seal and added pressure monitoring,2025-06-16
D1106,Paint Peeling,MCH-311,Line-1,2025-08-15,High machine vibration,Adjusted machine alignment and replaced worn-out bearings,2025-08-20
D1107,Welding Porosity,MCH-247,Line-2,2025-03-23,Improper curing temperature,Calibrated equipment and updated calibration logs,2025-03-26
D1108,Electrical Failure,MCH-302,Line-1,2025-08-26,Loose wiring,Replaced seal and added pressure monitoring,2025-08-31
D1109,Electrical Failure,MCH-211,Line-2,2025-05-25,High machine vibration,Replaced cutting tool and added tool inspection schedule,2025-05-30
D1110,Leakage,MCH-359,Line-2,2025-04-27,High machine vibration,Adjusted machine alignment and replaced worn-out bearings,2025-04-28
D1111,Loose Assembly,MCH-411,Line-5,2025-05-22,High machine vibration,Introduced torque check checklist and operator training,2025-05-27
D1112,Misalignment,MCH-350,Line-2,2025-07-03,Gas flow inconsistency,Calibrated oven temperature and added monitoring alert,2025-07-04
D1113,Dimension Out of Tolerance,MCH-256,Line-4,2025-03-18,Operator error,Introduced torque check checklist and operator training,2025-03-22
D1114,Electrical Failure,MCH-492,Line-2,2025-05-24,High machine vibration,Adjusted machine alignment and replaced worn-out bearings,2025-05-29
D1115,Dimension Out of Tolerance,MCH-285,Line-2,2025-07-07,Tool wear,Replaced gas regulator and trained operator,2025-07-12
D1116,Misalignment,MCH-274,Line-4,2025-05-19,Operator error,Adjusted machine alignment and replaced worn-out bearings,2025-05-24
D1117,Leakage,MCH-275,Line-2,2025-08-20,Seal failure,Replaced gas regulator and trained operator,2025-08-21
D1118,Overheating,MCH-347,Line-2,2025-07-08,Gas flow inconsistency,Calibrated equipment and updated calibration logs,2025-07-13
D1119,Loose Assembly,MCH-125,Line-1,2025-03-06,Loose wiring,Replaced cutting tool and added tool inspection schedule,2025-03-09
D1120,Leakage,MCH-207,Line-1,2025-05-21,Operator error,Calibrated oven temperature and added monitoring alert,2025-05-22
D1121,Dimension Out of Tolerance,MCH-337,Line-2,2025-05-14,Improper calibration,Secured wiring and scheduled preventive inspection,2025-05-18
D1122,Leakage,MCH-112,Line-1,2025-08-10,Coolant shortage,Adjusted machine alignment and replaced worn-out bearings,2025-08-14
D1123,Leakage,MCH-350,Line-3,2025-02-04,Tool wear,Replaced cutting tool and added tool inspection schedule,2025-02-09
D1124,Misalignment,MCH-334,Line-1,2025-08-14,Improper calibration,Replaced cutting tool and added tool inspection schedule,2025-08-18
D1125,Paint Peeling,MCH-382,Line-1,2025-06-11,Coolant shortage,Secured wiring and scheduled preventive inspection,2025-06-13
D1126,Burr Formation,MCH-266,Line-1,2025-07-30,Coolant shortage,Replaced seal and added pressure monitoring,2025-08-02
D1127,Welding Porosity,MCH-423,Line-5,2025-07-24,Tool wear,Adjusted machine alignment and replaced worn-out bearings,2025-07-25
D1128,Loose Assembly,MCH-118,Line-4,2025-05-13,Operator error,Calibrated equipment and updated calibration logs,2025-05-16
D1129,Burr Formation,MCH-476,Line-3,2025-03-14,Improper curing temperature,Replaced cutting tool and added tool inspection schedule,2025-03-16
D1130,Electrical Failure,MCH-126,Line-3,2025-05-16,Loose wiring,Calibrated equipment and updated calibration logs,2025-05-19
D1131,Overheating,MCH-337,Line-1,2025-03-03,Improper curing temperature,Replaced seal and added pressure monitoring,2025-03-06
D1132,Loose Assembly,MCH-251,Line-4,2025-06-09,Gas flow inconsistency,Calibrated equipment and updated calibration logs,2025-06-12
D1133,Paint Peeling,MCH-299,Line-4,2025-07-31,Improper curing temperature,Calibrated equipment and updated calibration logs,2025-08-02
D1134,Electrical Failure,MCH-403,Line-4,2025-08-19,High machine vibration,Polished die and added regular inspection routine,2025-08-23
D1135,Electrical Failure,MCH-451,Line-2,2025-05-19,Loose wiring,Replaced gas regulator and trained operator,2025-05-20
D1136,Leakage,MCH-283,Line-3,2025-02-12,Coolant shortage,Replaced gas regulator and trained operator,2025-02-17
D1137,Welding Porosity,MCH-415,Line-5,2025-08-29,Worn-out die,Calibrated oven temperature and added monitoring alert,2025-09-02
D1138,Electrical Failure,MCH-123,Line-2,2025-04-25,Coolant shortage,Calibrated oven temperature and added monitoring alert,2025-04-29
D1139,Surface Crack,MCH-391,Line-2,2025-06-17,Seal failure,Calibrated oven temperature and added monitoring alert,2025-06-19
D1140,Overheating,MCH-424,Line-3,2025-06-18,High machine vibration,Replaced cutting tool and added tool inspection schedule,2025-06-22
D1141,Electrical Failure,MCH-159,Line-2,2025-05-13,High machine vibration,Calibrated equipment and updated calibration logs,2025-05-18
D1142,Electrical Failure,MCH-470,Line-2,2025-03-18,Seal failure,Replaced gas regulator and trained operator,2025-03-20
D1143,Misalignment,MCH-248,Line-1,2025-04-06,Coolant shortage,Polished die and added regular inspection routine,2025-04-08
D1144,Electrical Failure,MCH-414,Line-4,2025-02-03,Gas flow inconsistency,Replaced seal and added pressure monitoring,2025-02-07
D1145,Paint Peeling,MCH-381,Line-5,2025-01-21,Tool wear,Calibrated oven temperature and added monitoring alert,2025-01-25
D1146,Loose Assembly,MCH-319,Line-1,2025-01-07,Improper calibration,Replaced cutting tool and added tool inspection schedule,2025-01-09
D1147,Loose Assembly,MCH-211,Line-1,2025-09-18,Improper curing temperature,Secured wiring and scheduled preventive inspection,2025-09-19
D1148,Misalignment,MCH-120,Line-5,2025-07-29,Loose wiring,Adjusted machine alignment and replaced worn-out bearings,2025-08-01
D1149,Leakage,MCH-380,Line-1,2025-04-08,Improper curing temperature,Introduced torque check checklist and operator training,2025-04-12
D1150,Burr Formation,MCH-245,Line-5,2025-06-14,Improper curing temperature,Adjusted machine alignment and replaced worn-out bearings,2025-06-19
D1151,Burr Formation,MCH-464,Line-3,2025-04-28,Operator error,Secured wiring and scheduled preventive inspection,2025-05-02
D1152,Loose Assembly,MCH-224,Line-2,2025-08-29,Gas flow inconsistency,Replaced gas regulator and trained operator,2025-09-01
D1153,Paint Peeling,MCH-382,Line-3,2025-03-01,Improper curing temperature,Refilled coolant tank and fixed coolant flow sensor,2025-03-03
D1154,Overheating,MCH-397,Line-1,2025-08-13,Worn-out die,Adjusted machine alignment and replaced worn-out bearings,2025-08-17
D1155,Overheating,MCH-329,Line-2,2025-01-29,Tool wear,Replaced gas regulator and trained operator,2025-02-03
D1156,Burr Formation,MCH-487,Line-5,2025-08-07,Worn-out die,Adjusted machine alignment and replaced worn-out bearings,2025-08-11
D1157,Burr Formation,MCH-362,Line-5,2025-05-22,Worn-out die,Replaced seal and added pressure monitoring,2025-05-26
D1158,Dimension Out of Tolerance,MCH-397,Line-5,2025-03-15,Worn-out die,Adjusted machine alignment and replaced worn-out bearings,2025-03-20
D1159,Surface Crack,MCH-191,Line-4,2025-05-13,High machine vibration,Calibrated equipment and updated calibration logs,2025-05-16
D1160,Burr Formation,MCH-485,Line-4,2025-04-06,Improper curing temperature,Replaced gas regulator and trained operator,2025-04-10
D1161,Electrical Failure,MCH-362,Line-2,2025-02-26,Coolant shortage,Secured wiring and scheduled preventive inspection,2025-03-03
D1162,Paint Peeling,MCH-393,Line-2,2025-05-04,Seal failure,Replaced gas regulator and trained operator,2025-05-09
D1163,Paint Peeling,MCH-263,Line-5,2025-08-28,Gas flow inconsistency,Calibrated oven temperature and added monitoring alert,2025-09-02
D1164,Misalignment,MCH-364,Line-4,2025-04-02,Improper calibration,Adjusted machine alignment and replaced worn-out bearings,2025-04-07
D1165,Misalignment,MCH-334,Line-1,2025-08-16,Loose wiring,Replaced cutting tool and added tool inspection schedule,2025-08-21
D1166,Electrical Failure,MCH-299,Line-2,2025-01-15,High machine vibration,Refilled coolant tank and fixed coolant flow sensor,2025-01-16
D1167,Dimension Out of Tolerance,MCH-253,Line-3,2025-04-23,Coolant shortage,Replaced gas regulator and trained operator,2025-04-26
D1168,Electrical Failure,MCH-284,Line-3,2025-05-18,Gas flow inconsistency,Refilled coolant tank and fixed coolant flow sensor,2025-05-23
D1169,Dimension Out of Tolerance,MCH-184,Line-3,2025-05-09,Seal failure,Replaced cutting tool and added tool inspection schedule,2025-05-10
D1170,Paint Peeling,MCH-214,Line-4,2025-03-20,Loose wiring,Adjusted machine alignment and replaced worn-out bearings,2025-03-24
D1171,Paint Peeling,MCH-277,Line-4,2025-03-25,Improper curing temperature,Replaced seal and added pressure monitoring,2025-03-29
D1172,Burr Formation,MCH-357,Line-1,2025-07-29,Loose wiring,Introduced torque check checklist and operator training,2025-08-01
D1173,Misalignment,MCH-465,Line-5,2025-03-24,Operator error,Replaced seal and added pressure monitoring,2025-03-25
D1174,Overheating,MCH-483,Line-5,2025-02-17,Tool wear,Calibrated equipment and updated calibration logs,2025-02-22
D1175,Paint Peeling,MCH-380,Line-5,2025-07-08,Loose wiring,Introduced torque check checklist and operator training,2025-07-09
D1176,Overheating,MCH-347,Line-2,2025-04-26,Improper curing temperature,Refilled coolant tank and fixed coolant flow sensor,2025-04-28
D1177,Dimension Out of Tolerance,MCH-405,Line-4,2025-02-14,Tool wear,Refilled coolant tank and fixed coolant flow sensor,2025-02-19
D1178,Loose Assembly,MCH-356,Line-5,2025-06-26,Improper curing temperature,Introduced torque check checklist and operator training,2025-06-30
D1179,Paint Peeling,MCH-478,Line-3,2025-03-10,Gas flow inconsistency,Introduced torque check checklist and operator training,2025-03-12
D1180,Overheating,MCH-123,Line-4,2025-07-25,Tool wear,Refilled coolant tank and fixed coolant flow sensor,2025-07-29
D1181,Welding Porosity,MCH-185,Line-4,2025-06-16,Seal failure,Polished die and added regular inspection routine,2025-06-18
D1182,Burr Formation,MCH-209,Line-2,2025-05-17,Improper curing temperature,Calibrated equipment and updated calibration logs,2025-05-22
D1183,Surface Crack,MCH-415,Line-5,2025-08-22,Improper curing temperature,Adjusted machine alignment and replaced worn-out bearings,2025-08-26
D1184,Electrical Failure,MCH-457,Line-3,2025-07-30,Loose wiring,Calibrated equipment and updated calibration logs,2025-08-04
D1185,Welding Porosity,MCH-317,Line-3,2025-07-13,Improper calibration,Calibrated oven temperature and added monitoring alert,2025-07-14
D1186,Surface Crack,MCH-261,Line-3,2025-01-17,Loose wiring,Calibrated equipment and updated calibration logs,2025-01-19
D1187,Welding Porosity,MCH-393,Line-5,2025-05-09,High machine vibration,Replaced gas regulator and trained operator,2025-05-13
D1188,Electrical Failure,MCH-145,Line-2,2025-01-08,Gas flow inconsistency,Calibrated equipment and updated calibration logs,2025-01-09
D1189,Leakage,MCH-143,Line-5,2025-06-24,Coolant shortage,Polished die and added regular inspection routine,2025-06-27
D1190,Surface Crack,MCH-147,Line-3,2025-08-18,Worn-out die,Introduced torque check checklist and operator training,2025-08-21
D1191,Surface Crack,MCH-114,Line-2,2025-04-20,Improper curing temperature,Secured wiring and scheduled preventive inspection,2025-04-22
D1192,Dimension Out of Tolerance,MCH-474,Line-3,2025-03-09,Loose wiring,Refilled coolant tank and fixed coolant flow sensor,2025-03-11
D1193,Paint Peeling,MCH-250,Line-2,2025-01-17,Improper curing temperature,Calibrated equipment and updated calibration logs,2025-01-22
D1194,Loose Assembly,MCH-305,Line-5,2025-05-03,Improper curing temperature,Refilled coolant tank and fixed coolant flow sensor,2025-05-08
D1195,Surface Crack,MCH-165,Line-2,2025-03-29,Loose wiring,Replaced cutting tool and added tool inspection schedule,2025-04-01
D1196,Electrical Failure,MCH-119,Line-4,2025-03-25,Loose wiring,Secured wiring and scheduled preventive inspection,2025-03-30
D1197,Overheating,MCH-323,Line-2,2025-07-11,Operator error,Replaced seal and added pressure monitoring,2025-07-12
D1198,Paint Peeling,MCH-163,Line-3,2025-06-26,Tool wear,Calibrated equipment and updated calibration logs,2025-06-27
D1199,Surface Crack,MCH-416,Line-2,2025-03-02,High machine vibration,Secured wiring and scheduled preventive inspection,2025-03-05
D1200,Paint Peeling,MCH-441,Line-2,2025-02-16,Loose wiring,Replaced gas regulator and trained operator,2025-02-19
D1201,Dimension Out of Tolerance,MCH-416,Line-3,2025-07-23,Coolant shortage,Calibrated equipment and updated calibration logs,2025-07-28
D1202,Surface Crack,MCH-115,Line-3,2025-03-01,Improper calibration,Calibrated equipment and updated calibration logs,2025-03-02
D1203,Leakage,MCH-379,Line-3,2025-07-06,High machine vibration,Calibrated equipment and updated calibration logs,2025-07-11
D1204,Leakage,MCH-263,Line-1,2025-01-04,Gas flow inconsistency,Secured wiring and scheduled preventive inspection,2025-01-09
D1205,Paint Peeling,MCH-147,Line-1,2025-07-24,Improper curing temperature,Introduced torque check checklist and operator training,2025-07-27
D1206,Misalignment,MCH-174,Line-2,2025-09-10,Seal failure,Replaced seal and added pressure monitoring,2025-09-12
D1207,Electrical Failure,MCH-116,Line-3,2025-08-06,Tool wear,Introduced torque check checklist and operator training,2025-08-08
D1208,Overheating,MCH-133,Line-3,2025-06-11,Tool wear,Replaced gas regulator and trained operator,2025-06-12
D1209,Burr Formation,MCH-248,Line-2,2025-03-23,Coolant shortage,Refilled coolant tank and fixed coolant flow sensor,2025-03-26
D1210,Misalignment,MCH-216,Line-3,2025-01-19,Worn-out die,Replaced seal and added pressure monitoring,2025-01-20
D1211,Paint Peeling,MCH-148,Line-4,2025-01-20,Tool wear,Replaced cutting tool and added tool inspection schedule,2025-01-21
D1212,Electrical Failure,MCH-432,Line-5,2025-02-06,Operator error,Introduced torque check checklist and operator training,2025-02-07
D1213,Overheating,MCH-108,Line-4,2025-08-23,Coolant shortage,Refilled coolant tank and fixed coolant flow sensor,2025-08-26
D1214,Overheating,MCH-464,Line-1,2025-03-16,High machine vibration,Calibrated equipment and updated calibration logs,2025-03-17
D1215,Overheating,MCH-141,Line-3,2025-01-10,Operator error,Refilled coolant tank and fixed coolant flow sensor,2025-01-12
D1216,Surface Crack,MCH-142,Line-1,2025-05-01,Operator error,Calibrated oven temperature and added monitoring alert,2025-05-05
D1217,Dimension Out of Tolerance,MCH-234,Line-4,2025-01-23,Improper calibration,Calibrated equipment and updated calibration logs,2025-01-25
D1218,Surface Crack,MCH-220,Line-5,2025-01-20,Improper curing temperature,Calibrated equipment and updated calibration logs,2025-01-22
D1219,Burr Formation,MCH-466,Line-4,2025-01-04,Loose wiring,Replaced cutting tool and added tool inspection schedule,2025-01-09
D1220,Burr Formation,MCH-479,Line-5,2025-09-09,Improper calibration,Replaced seal and added pressure monitoring,2025-09-13
D1221,Surface Crack,MCH-290,Line-3,2025-04-03,Seal failure,Refilled coolant tank and fixed coolant flow sensor,2025-04-04
D1222,Loose Assembly,MCH-295,Line-5,2025-02-07,Coolant shortage,Refilled coolant tank and fixed coolant flow sensor,2025-02-11
D1223,Overheating,MCH-108,Line-1,2025-06-23,Improper calibration,Replaced seal and added pressure monitoring,2025-06-27
D1224,Leakage,MCH-112,Line-5,2025-04-28,Seal failure,Secured wiring and scheduled preventive inspection,2025-05-03
D1225,Leakage,MCH-484,Line-4,2025-03-12,Seal failure,Calibrated equipment and updated calibration logs,2025-03-13
D1226,Electrical Failure,MCH-460,Line-5,2025-08-21,Seal failure,Introduced torque check checklist and operator training,2025-08-25
D1227,Surface Crack,MCH-482,Line-4,2025-01-18,Operator error,Calibrated oven temperature and added monitoring alert,2025-01-23
D1228,Electrical Failure,MCH-363,Line-2,2025-05-31,High machine vibration,Polished die and added regular inspection routine,2025-06-02
D1229,Leakage,MCH-263,Line-1,2025-07-23,High machine vibration,Calibrated oven temperature and added monitoring alert,2025-07-24
D1230,Overheating,MCH-266,Line-3,2025-03-10,Seal failure,Introduced torque check checklist and operator training,2025-03-14
D1231,Dimension Out of Tolerance,MCH-426,Line-3,2025-05-09,Seal failure,Calibrated equipment and updated calibration logs,2025-05-14
D1232,Welding Porosity,MCH-306,Line-3,2025-01-06,Improper calibration,Polished die and added regular inspection routine,2025-01-11
D1233,Loose Assembly,MCH-463,Line-3,2025-04-13,Improper curing temperature,Replaced seal and added pressure monitoring,2025-04-15
D1234,Leakage,MCH-291,Line-1,2025-07-24,Improper curing temperature,Calibrated equipment and updated calibration logs,2025-07-25
D1235,Surface Crack,MCH-423,Line-5,2025-07-15,Seal failure,Replaced cutting tool and added tool inspection schedule,2025-07-20
D1236,Surface Crack,MCH-354,Line-5,2025-06-12,Improper calibration,Replaced gas regulator and trained operator,2025-06-15
D1237,Misalignment,MCH-183,Line-5,2025-01-01,Tool wear,Introduced torque check checklist and operator training,2025-01-05
D1238,Surface Crack,MCH-293,Line-1,2025-06-13,Worn-out die,Replaced cutting tool and added tool inspection schedule,2025-06-18
D1239,Misalignment,MCH-416,Line-4,2025-06-05,Gas flow inconsistency,Adjusted machine alignment and replaced worn-out bearings,2025-06-08
D1240,Loose Assembly,MCH-480,Line-5,2025-05-02,Worn-out die,Refilled coolant tank and fixed coolant flow sensor,2025-05-06
D1241,Welding Porosity,MCH-401,Line-3,2025-06-04,Operator error,Replaced gas regulator and trained operator,2025-06-06
D1242,Burr Formation,MCH-169,Line-1,2025-04-18,Tool wear,Adjusted machine alignment and replaced worn-out bearings,2025-04-22
D1243,Misalignment,MCH-180,Line-4,2025-02-15,Improper calibration,Calibrated equipment and updated calibration logs,2025-02-17
D1244,Misalignment,MCH-197,Line-2,2025-03-01,Seal failure,Replaced seal and added pressure monitoring,2025-03-03
D1245,Paint Peeling,MCH-475,Line-5,2025-05-21,Improper calibration,Calibrated oven temperature and added monitoring alert,2025-05-22
D1246,Electrical Failure,MCH-252,Line-5,2025-03-25,Improper calibration,Replaced cutting tool and added tool inspection schedule,2025-03-27
D1247,Welding Porosity,MCH-286,Line-1,2025-01-14,Improper calibration,Introduced torque check checklist and operator training,2025-01-15
D1248,Loose Assembly,MCH-392,Line-5,2025-09-17,Seal failure,Refilled coolant tank and fixed coolant flow sensor,2025-09-21
D1249,Loose Assembly,MCH-286,Line-1,2025-07-29,High machine vibration,Calibrated oven temperature and added monitoring alert,2025-08-01
D1250,Paint Peeling,MCH-385,Line-5,2025-04-07,Worn-out die,Adjusted machine alignment and replaced worn-out bearings,2025-04-12
D1251,Dimension Out of Tolerance,MCH-218,Line-1,2025-04-24,Gas flow inconsistency,Replaced seal and added pressure monitoring,2025-04-28
D1252,Surface Crack,MCH-363,Line-3,2025-06-29,Seal failure,Adjusted machine alignment and replaced worn-out bearings,2025-07-02
D1253,Surface Crack,MCH-445,Line-2,2025-06-28,Tool wear,Polished die and added regular inspection routine,2025-07-01
D1254,Misalignment,MCH-365,Line-5,2025-09-10,Coolant shortage,Calibrated oven temperature and added monitoring alert,2025-09-12
D1255,Overheating,MCH-447,Line-4,2025-04-16,Improper curing temperature,Replaced seal and added pressure monitoring,2025-04-21
D1256,Burr Formation,MCH-204,Line-5,2025-01-08,Improper calibration,Introduced torque check checklist and operator training,2025-01-13
D1257,Leakage,MCH-487,Line-2,2025-02-17,Gas flow inconsistency,Adjusted machine alignment and replaced worn-out bearings,2025-02-20
D1258,Paint Peeling,MCH-489,Line-2,2025-03-19,Coolant shortage,Calibrated equipment and updated calibration logs,2025-03-22
D1259,Electrical Failure,MCH-229,Line-4,2025-04-05,Operator error,Calibrated oven temperature and added monitoring alert,2025-04-08
D1260,Dimension Out of Tolerance,MCH-322,Line-5,2025-04-16,Loose wiring,Replaced cutting tool and added tool inspection schedule,2025-04-17
D1261,Misalignment,MCH-169,Line-2,2025-05-06,Gas flow inconsistency,Replaced cutting tool and added tool inspection schedule,2025-05-09
D1262,Welding Porosity,MCH-161,Line-5,2025-01-02,Improper calibration,Refilled coolant tank and fixed coolant flow sensor,2025-01-06
D1263,Overheating,MCH-487,Line-4,2025-08-09,Worn-out die,Refilled coolant tank and fixed coolant flow sensor,2025-08-14
D1264,Surface Crack,MCH-440,Line-5,2025-07-23,Loose wiring,Replaced cutting tool and added tool inspection schedule,2025-07-25
D1265,Misalignment,MCH-448,Line-2,2025-07-13,High machine vibration,Refilled coolant tank and fixed coolant flow sensor,2025-07-15
D1266,Overheating,MCH-216,Line-1,2025-05-28,Improper calibration,Replaced gas regulator and trained operator,2025-05-30
D1267,Misalignment,MCH-142,Line-4,2025-08-05,Loose wiring,Secured wiring and scheduled preventive inspection,2025-08-10
D1268,Leakage,MCH-147,Line-4,2025-07-18,High machine vibration,Replaced gas regulator and trained operator,2025-07-22
D1269,Paint Peeling,MCH-318,Line-5,2025-01-18,Coolant shortage,Replaced gas regulator and trained operator,2025-01-19
D1270,Loose Assembly,MCH-340,Line-1,2025-01-11,Loose wiring,Polished die and added regular inspection routine,2025-01-15
D1271,Misalignment,MCH-241,Line-4,2025-07-15,Seal failure,Calibrated oven temperature and added monitoring alert,2025-07-20
D1272,Paint Peeling,MCH-396,Line-2,2025-02-07,Seal failure,Calibrated equipment and updated calibration logs,2025-02-12
D1273,Electrical Failure,MCH-142,Line-1,2025-04-27,Tool wear,Calibrated oven temperature and added monitoring alert,2025-04-28
D1274,Misalignment,MCH-203,Line-5,2025-05-30,Coolant shortage,Refilled coolant tank and fixed coolant flow sensor,2025-06-04
D1275,Overheating,MCH-135,Line-2,2025-04-19,Worn-out die,Replaced cutting tool and added tool inspection schedule,2025-04-24
D1276,Misalignment,MCH-226,Line-3,2025-02-24,Coolant shortage,Refilled coolant tank and fixed coolant flow sensor,2025-02-27
D1277,Burr Formation,MCH-450,Line-2,2025-02-12,Tool wear,Polished die and added regular inspection routine,2025-02-16
D1278,Electrical Failure,MCH-128,Line-5,2025-02-24,Worn-out die,Introduced torque check checklist and operator training,2025-02-27
D1279,Electrical Failure,MCH-205,Line-2,2025-03-04,Improper calibration,Polished die and added regular inspection routine,2025-03-09
D1280,Dimension Out of Tolerance,MCH-192,Line-4,2025-05-01,Gas flow inconsistency,Replaced seal and added pressure monitoring,2025-05-03
D1281,Loose Assembly,MCH-439,Line-5,2025-07-13,High machine vibration,Calibrated equipment and updated calibration logs,2025-07-14
D1282,Overheating,MCH-435,Line-4,2025-06-02,Improper curing temperature,Introduced torque check checklist and operator training,2025-06-07
D1283,Misalignment,MCH-168,Line-2,2025-02-09,Improper curing temperature,Introduced torque check checklist and operator training,2025-02-11
D1284,Electrical Failure,MCH-300,Line-5,2025-06-10,Coolant shortage,Secured wiring and scheduled preventive inspection,2025-06-14
D1285,Misalignment,MCH-286,Line-1,2025-02-03,Improper calibration,Replaced gas regulator and trained operator,2025-02-08
D1286,Leakage,MCH-276,Line-5,2025-08-23,Loose wiring,Replaced seal and added pressure monitoring,2025-08-26
D1287,Overheating,MCH-427,Line-5,2025-03-25,Loose wiring,Adjusted machine alignment and replaced worn-out bearings,2025-03-30
D1288,Misalignment,MCH-237,Line-5,2025-08-30,Gas flow inconsistency,Calibrated equipment and updated calibration logs,2025-08-31
D1289,Dimension Out of Tolerance,MCH-314,Line-2,2025-01-16,High machine vibration,Replaced seal and added pressure monitoring,2025-01-18
D1290,Dimension Out of Tolerance,MCH-450,Line-3,2025-06-25,Gas flow inconsistency,Replaced seal and added pressure monitoring,2025-06-27
D1291,Paint Peeling,MCH-134,Line-5,2025-06-20,High machine vibration,Replaced cutting tool and added tool inspection schedule,2025-06-21
D1292,Paint Peeling,MCH-413,Line-1,2025-09-03,Loose wiring,Replaced gas regulator and trained operator,2025-09-06
D1293,Dimension Out of Tolerance,MCH-389,Line-1,2025-04-14,Seal failure,Calibrated equipment and updated calibration logs,2025-04-19
D1294,Misalignment,MCH-290,Line-4,2025-02-18,Loose wiring,Adjusted machine alignment and replaced worn-out bearings,2025-02-20
D1295,Surface Crack,MCH-294,Line-3,2025-06-29,Improper curing temperature,Replaced cutting tool and added tool inspection schedule,2025-07-03
D1296,Burr Formation,MCH-109,Line-4,2025-08-30,Worn-out die,Refilled coolant tank and fixed coolant flow sensor,2025-09-04
D1297,Leakage,MCH-142,Line-5,2025-01-31,Coolant shortage,Calibrated oven temperature and added monitoring alert,2025-02-02
D1298,Surface Crack,MCH-409,Line-4,2025-02-16,High machine vibration,Refilled coolant tank and fixed coolant flow sensor,2025-02-17
D1299,Leakage,MCH-148,Line-3,2025-08-04,Improper curing temperature,Calibrated equipment and updated calibration logs,2025-08-05
D1300,Dimension Out of Tolerance,MCH-239,Line-4,2025-05-15,Operator error,Secured wiring and scheduled preventive inspection,2025-05-17
D1301,Leakage,MCH-265,Line-2,2025-03-03,High machine vibration,Introduced torque check checklist and operator training,2025-03-05
D1302,Overheating,MCH-395,Line-3,2025-08-22,Gas flow inconsistency,Replaced cutting tool and added tool inspection schedule,2025-08-23
D1303,Loose Assembly,MCH-345,Line-2,2025-06-26,Improper calibration,Polished die and added regular inspection routine,2025-07-01
D1304,Burr Formation,MCH-358,Line-3,2025-08-01,High machine vibration,Refilled coolant tank and fixed coolant flow sensor,2025-08-05
D1305,Burr Formation,MCH-368,Line-2,2025-04-22,Seal failure,Replaced cutting tool and added tool inspection schedule,2025-04-24
D1306,Surface Crack,MCH-250,Line-3,2025-08-12,Gas flow inconsistency,Secured wiring and scheduled preventive inspection,2025-08-13
D1307,Welding Porosity,MCH-454,Line-4,2025-01-20,Improper curing temperature,Adjusted machine alignment and replaced worn-out bearings,2025-01-22
D1308,Burr Formation,MCH-499,Line-5,2025-01-25,Coolant shortage,Secured wiring and scheduled preventive inspection,2025-01-28
D1309,Leakage,MCH-356,Line-1,2025-06-23,Coolant shortage,Replaced gas regulator and trained operator,2025-06-25
D1310,Loose Assembly,MCH-277,Line-5,2025-04-03,Gas flow inconsistency,Adjusted machine alignment and replaced worn-out bearings,2025-04-07
D1311,Overheating,MCH-271,Line-3,2025-03-07,Improper curing temperature,Calibrated equipment and updated calibration logs,2025-03-11
D1312,Paint Peeling,MCH-496,Line-1,2025-08-10,Loose wiring,Calibrated equipment and updated calibration logs,2025-08-14
D1313,Burr Formation,MCH-398,Line-2,2025-07-01,Operator error,Introduced torque check checklist and operator training,2025-07-02
D1314,Paint Peeling,MCH-276,Line-5,2025-06-27,Operator error,Secured wiring and scheduled preventive inspection,2025-06-30
D1315,Burr Formation,MCH-398,Line-3,2025-05-15,Gas flow inconsistency,Replaced cutting tool and added tool inspection schedule,2025-05-16
D1316,Welding Porosity,MCH-206,Line-3,2025-05-30,Improper calibration,Replaced seal and added pressure monitoring,2025-06-03
D1317,Electrical Failure,MCH-250,Line-2,2025-07-20,Operator error,Replaced cutting tool and added tool inspection schedule,2025-07-25
D1318,Burr Formation,MCH-290,Line-3,2025-06-05,High machine vibration,Refilled coolant tank and fixed coolant flow sensor,2025-06-09
D1319,Overheating,MCH-277,Line-2,2025-07-03,Gas flow inconsistency,Polished die and added regular inspection routine,2025-07-07
D1320,Dimension Out of Tolerance,MCH-116,Line-5,2025-03-15,Worn-out die,Introduced torque check checklist and operator training,2025-03-18
D1321,Burr Formation,MCH-133,Line-2,2025-01-18,Operator error,Introduced torque check checklist and operator training,2025-01-23
D1322,Surface Crack,MCH-141,Line-3,2025-08-09,High machine vibration,Secured wiring and scheduled preventive inspection,2025-08-12
D1323,Surface Crack,MCH-387,Line-5,2025-01-23,Seal failure,Calibrated equipment and updated calibration logs,2025-01-27
D1324,Paint Peeling,MCH-421,Line-5,2025-08-24,Operator error,Calibrated oven temperature and added monitoring alert,2025-08-29
D1325,Burr Formation,MCH-473,Line-3,2025-06-02,Operator error,Replaced cutting tool and added tool inspection schedule,2025-06-04
D1326,Burr Formation,MCH-238,Line-4,2025-06-15,Coolant shortage,Secured wiring and scheduled preventive inspection,2025-06-17
D1327,Burr Formation,MCH-256,Line-2,2025-06-19,Tool wear,Replaced cutting tool and added tool inspection schedule,2025-06-24
D1328,Misalignment,MCH-201,Line-2,2025-07-31,Coolant shortage,Replaced seal and added pressure monitoring,2025-08-03
D1329,Loose Assembly,MCH-211,Line-2,2025-09-11,Gas flow inconsistency,Replaced seal and added pressure monitoring,2025-09-16
D1330,Welding Porosity,MCH-197,Line-5,2025-04-27,Improper calibration,Introduced torque check checklist and operator training,2025-05-02
D1331,Loose Assembly,MCH-104,Line-1,2025-06-12,Worn-out die,Replaced cutting tool and added tool inspection schedule,2025-06-15
D1332,Surface Crack,MCH-447,Line-4,2025-03-04,Worn-out die,Calibrated oven temperature and added monitoring alert,2025-03-09
D1333,Paint Peeling,MCH-395,Line-2,2025-04-06,Improper calibration,Replaced cutting tool and added tool inspection schedule,2025-04-09
D1334,Overheating,MCH-242,Line-4,2025-08-06,Gas flow inconsistency,Refilled coolant tank and fixed coolant flow sensor,2025-08-10
D1335,Paint Peeling,MCH-285,Line-2,2025-03-10,Coolant shortage,Replaced cutting tool and added tool inspection schedule,2025-03-15
D1336,Welding Porosity,MCH-201,Line-4,2025-03-22,Improper curing temperature,Adjusted machine alignment and replaced worn-out bearings,2025-03-26
D1337,Paint Peeling,MCH-206,Line-3,2025-05-09,Improper calibration,Polished die and added regular inspection routine,2025-05-11
D1338,Loose Assembly,MCH-124,Line-2,2025-09-03,Gas flow inconsistency,Replaced gas regulator and trained operator,2025-09-07
D1339,Overheating,MCH-401,Line-4,2025-09-02,High machine vibration,Secured wiring and scheduled preventive inspection,2025-09-03
D1340,Burr Formation,MCH-165,Line-3,2025-08-21,Operator error,Secured wiring and scheduled preventive inspection,2025-08-24
D1341,Dimension Out of Tolerance,MCH-459,Line-2,2025-01-01,Worn-out die,Secured wiring and scheduled preventive inspection,2025-01-02
D1342,Paint Peeling,MCH-193,Line-5,2025-07-13,Worn-out die,Calibrated oven temperature and added monitoring alert,2025-07-15
D1343,Overheating,MCH-237,Line-1,2025-08-16,Improper calibration,Introduced torque check checklist and operator training,2025-08-20
D1344,Overheating,MCH-447,Line-4,2025-07-03,Gas flow inconsistency,Replaced cutting tool and added tool inspection schedule,2025-07-05
D1345,Electrical Failure,MCH-272,Line-5,2025-04-05,Gas flow inconsistency,Adjusted machine alignment and replaced worn-out bearings,2025-04-09
D1346,Misalignment,MCH-418,Line-3,2025-03-12,Improper curing temperature,Replaced seal and added pressure monitoring,2025-03-16
D1347,Paint Peeling,MCH-140,Line-1,2025-03-04,Improper calibration,Refilled coolant tank and fixed coolant flow sensor,2025-03-07
D1348,Electrical Failure,MCH-443,Line-5,2025-06-11,Loose wiring,Replaced seal and added pressure monitoring,2025-06-14
D1349,Electrical Failure,MCH-247,Line-5,2025-08-17,High machine vibration,Refilled coolant tank and fixed coolant flow sensor,2025-08-19
D1350,Paint Peeling,MCH-270,Line-2,2025-09-06,Operator error,Replaced seal and added pressure monitoring,2025-09-09
D1351,Loose Assembly,MCH-473,Line-1,2025-07-24,Seal failure,Secured wiring and scheduled preventive inspection,2025-07-26
D1352,Burr Formation,MCH-283,Line-5,2025-06-06,Operator error,Replaced cutting tool and added tool inspection schedule,2025-06-11
D1353,Electrical Failure,MCH-433,Line-1,2025-06-20,Loose wiring,Introduced torque check checklist and operator training,2025-06-21
D1354,Paint Peeling,MCH-478,Line-4,2025-07-30,Worn-out die,Replaced gas regulator and trained operator,2025-07-31
D1355,Electrical Failure,MCH-239,Line-2,2025-06-02,High machine vibration,Replaced cutting tool and added tool inspection schedule,2025-06-07
D1356,Leakage,MCH-452,Line-5,2025-05-10,Gas flow inconsistency,Calibrated oven temperature and added monitoring alert,2025-05-12
D1357,Loose Assembly,MCH-280,Line-5,2025-01-19,Improper curing temperature,Refilled coolant tank and fixed coolant flow sensor,2025-01-22
D1358,Surface Crack,MCH-332,Line-2,2025-01-22,Loose wiring,Replaced cutting tool and added tool inspection schedule,2025-01-25
D1359,Misalignment,MCH-141,Line-3,2025-01-10,Improper curing temperature,Secured wiring and scheduled preventive inspection,2025-01-13
D1360,Paint Peeling,MCH-313,Line-3,2025-07-03,Improper calibration,Calibrated oven temperature and added monitoring alert,2025-07-06
D1361,Leakage,MCH-183,Line-2,2025-08-08,Gas flow inconsistency,Replaced gas regulator and trained operator,2025-08-13
D1362,Burr Formation,MCH-105,Line-1,2025-09-18,Improper calibration,Replaced gas regulator and trained operator,2025-09-22
D1363,Burr Formation,MCH-252,Line-2,2025-02-14,High machine vibration,Adjusted machine alignment and replaced worn-out bearings,2025-02-15
D1364,Overheating,MCH-171,Line-3,2025-02-09,Improper calibration,Polished die and added regular inspection routine,2025-02-10
D1365,Paint Peeling,MCH-159,Line-3,2025-01-11,Improper curing temperature,Replaced gas regulator and trained operator,2025-01-16
D1366,Leakage,MCH-440,Line-3,2025-03-30,Operator error,Calibrated equipment and updated calibration logs,2025-04-03
D1367,Leakage,MCH-260,Line-5,2025-06-04,Coolant shortage,Calibrated equipment and updated calibration logs,2025-06-05
D1368,Surface Crack,MCH-362,Line-4,2025-07-30,Loose wiring,Polished die and added regular inspection routine,2025-08-04
D1369,Loose Assembly,MCH-398,Line-2,2025-03-01,Worn-out die,Replaced seal and added pressure monitoring,2025-03-05
D1370,Electrical Failure,MCH-214,Line-3,2025-04-01,Worn-out die,Refilled coolant tank and fixed coolant flow sensor,2025-04-03
D1371,Overheating,MCH-223,Line-2,2025-08-31,Gas flow inconsistency,Calibrated oven temperature and added monitoring alert,2025-09-01
D1372,Dimension Out of Tolerance,MCH-383,Line-1,2025-08-23,Gas flow inconsistency,Calibrated oven temperature and added monitoring alert,2025-08-27
D1373,Leakage,MCH-103,Line-5,2025-03-08,Tool wear,Calibrated equipment and updated calibration logs,2025-03-12
D1374,Misalignment,MCH-256,Line-2,2025-08-14,Gas flow inconsistency,Replaced cutting tool and added tool inspection schedule,2025-08-19
D1375,Dimension Out of Tolerance,MCH-275,Line-2,2025-02-21,Improper curing temperature,Adjusted machine alignment and replaced worn-out bearings,2025-02-26
D1376,Overheating,MCH-197,Line-5,2025-07-20,Improper calibration,Polished die and added regular inspection routine,2025-07-23
D1377,Paint Peeling,MCH-165,Line-4,2025-05-18,Improper calibration,Replaced seal and added pressure monitoring,2025-05-20
D1378,Surface Crack,MCH-437,Line-3,2025-03-23,Tool wear,Calibrated oven temperature and added monitoring alert,2025-03-25
D1379,Surface Crack,MCH-500,Line-1,2025-06-02,Improper calibration,Replaced gas regulator and trained operator,2025-06-06
D1380,Misalignment,MCH-248,Line-3,2025-03-18,Operator error,Replaced cutting tool and added tool inspection schedule,2025-03-22
D1381,Electrical Failure,MCH-165,Line-4,2025-06-21,Tool wear,Replaced cutting tool and added tool inspection schedule,2025-06-26
D1382,Loose Assembly,MCH-314,Line-4,2025-08-19,Improper calibration,Replaced gas regulator and trained operator,2025-08-21
D1383,Electrical Failure,MCH-473,Line-4,2025-06-26,Loose wiring,Replaced gas regulator and trained operator,2025-06-27
D1384,Dimension Out of Tolerance,MCH-418,Line-3,2025-03-12,Gas flow inconsistency,Refilled coolant tank and fixed coolant flow sensor,2025-03-14
D1385,Burr Formation,MCH-324,Line-2,2025-08-25,Seal failure,Calibrated oven temperature and added monitoring alert,2025-08-26
D1386,Electrical Failure,MCH-173,Line-1,2025-04-05,Operator error,Refilled coolant tank and fixed coolant flow sensor,2025-04-06
D1387,Electrical Failure,MCH-291,Line-1,2025-05-10,Coolant shortage,Calibrated equipment and updated calibration logs,2025-05-13
D1388,Overheating,MCH-329,Line-3,2025-07-22,Tool wear,Polished die and added regular inspection routine,2025-07-27
D1389,Misalignment,MCH-439,Line-1,2025-06-03,Seal failure,Refilled coolant tank and fixed coolant flow sensor,2025-06-08
D1390,Burr Formation,MCH-441,Line-2,2025-01-03,Gas flow inconsistency,Calibrated equipment and updated calibration logs,2025-01-06
D1391,Welding Porosity,MCH-417,Line-4,2025-05-09,Improper curing temperature,Introduced torque check checklist and operator training,2025-05-12
D1392,Electrical Failure,MCH-113,Line-1,2025-06-11,Coolant shortage,Replaced gas regulator and trained operator,2025-06-16
D1393,Welding Porosity,MCH-410,Line-2,2025-01-16,Operator error,Introduced torque check checklist and operator training,2025-01-17
D1394,Burr Formation,MCH-136,Line-4,2025-01-24,Coolant shortage,Replaced seal and added pressure monitoring,2025-01-25
D1395,Electrical Failure,MCH-166,Line-1,2025-06-30,Loose wiring,Calibrated equipment and updated calibration logs,2025-07-01
D1396,Burr Formation,MCH-151,Line-4,2025-07-03,Operator error,Calibrated equipment and updated calibration logs,2025-07-08
D1397,Leakage,MCH-392,Line-5,2025-07-13,Operator error,Introduced torque check checklist and operator training,2025-07-18
D1398,Leakage,MCH-399,Line-5,2025-04-04,High machine vibration,Replaced cutting tool and added tool inspection schedule,2025-04-05
D1399,Loose Assembly,MCH-371,Line-4,2025-03-29,Tool wear,Introduced torque check checklist and operator training,2025-03-30
D1400,Misalignment,MCH-443,Line-5,2025-09-17,Tool wear,Secured wiring and scheduled preventive inspection,2025-09-22
D1401,Surface Crack,MCH-284,Line-1,2025-01-13,Worn-out die,Secured wiring and scheduled preventive inspection,2025-01-17
D1402,Overheating,MCH-229,Line-2,2025-09-05,Seal failure,Calibrated equipment and updated calibration logs,2025-09-10
D1403,Welding Porosity,MCH-394,Line-5,2025-07-24,Operator error,Refilled coolant tank and fixed coolant flow sensor,2025-07-25
D1404,Misalignment,MCH-481,Line-4,2025-05-21,Coolant shortage,Polished die and added regular inspection routine,2025-05-26
D1405,Overheating,MCH-153,Line-1,2025-01-07,Loose wiring,Calibrated equipment and updated calibration logs,2025-01-12
D1406,Misalignment,MCH-118,Line-3,2025-07-28,High machine vibration,Refilled coolant tank and fixed coolant flow sensor,2025-07-30
D1407,Leakage,MCH-321,Line-1,2025-07-08,Tool wear,Polished die and added regular inspection routine,2025-07-09
D1408,Overheating,MCH-272,Line-1,2025-06-21,Improper calibration,Refilled coolant tank and fixed coolant flow sensor,2025-06-25
D1409,Surface Crack,MCH-278,Line-3,2025-08-24,Operator error,Replaced cutting tool and added tool inspection schedule,2025-08-28
D1410,Loose Assembly,MCH-462,Line-3,2025-02-17,Coolant shortage,Adjusted machine alignment and replaced worn-out bearings,2025-02-19
D1411,Electrical Failure,MCH-199,Line-4,2025-01-09,Improper calibration,Refilled coolant tank and fixed coolant flow sensor,2025-01-12
D1412,Welding Porosity,MCH-333,Line-1,2025-07-11,Coolant shortage,Introduced torque check checklist and operator training,2025-07-16
D1413,Overheating,MCH-445,Line-5,2025-03-12,High machine vibration,Replaced seal and added pressure monitoring,2025-03-17
D1414,Misalignment,MCH-261,Line-1,2025-09-03,Operator error,Replaced cutting tool and added tool inspection schedule,2025-09-05
D1415,Dimension Out of Tolerance,MCH-344,Line-1,2025-02-13,Worn-out die,Calibrated equipment and updated calibration logs,2025-02-17
D1416,Surface Crack,MCH-386,Line-2,2025-01-31,Seal failure,Secured wiring and scheduled preventive inspection,2025-02-03
D1417,Electrical Failure,MCH-491,Line-2,2025-06-15,Improper calibration,Secured wiring and scheduled preventive inspection,2025-06-19
D1418,Welding Porosity,MCH-481,Line-3,2025-01-25,Coolant shortage,Calibrated equipment and updated calibration logs,2025-01-29
D1419,Loose Assembly,MCH-257,Line-5,2025-04-18,Gas flow inconsistency,Secured wiring and scheduled preventive inspection,2025-04-23
D1420,Misalignment,MCH-172,Line-2,2025-02-18,Gas flow inconsistency,Secured wiring and scheduled preventive inspection,2025-02-23
D1421,Overheating,MCH-255,Line-4,2025-01-26,Coolant shortage,Polished die and added regular inspection routine,2025-01-27
D1422,Dimension Out of Tolerance,MCH-388,Line-2,2025-01-09,Worn-out die,Calibrated equipment and updated calibration logs,2025-01-11
D1423,Overheating,MCH-275,Line-4,2025-05-16,Improper calibration,Refilled coolant tank and fixed coolant flow sensor,2025-05-21
D1424,Welding Porosity,MCH-245,Line-4,2025-09-10,Gas flow inconsistency,Calibrated oven temperature and added monitoring alert,2025-09-13
D1425,Burr Formation,MCH-417,Line-3,2025-02-02,Worn-out die,Polished die and added regular inspection routine,2025-02-03
D1426,Welding Porosity,MCH-169,Line-5,2025-07-01,High machine vibration,Calibrated equipment and updated calibration logs,2025-07-05
D1427,Welding Porosity,MCH-366,Line-2,2025-02-08,Operator error,Replaced cutting tool and added tool inspection schedule,2025-02-12
D1428,Surface Crack,MCH-138,Line-1,2025-09-17,Improper curing temperature,Adjusted machine alignment and replaced worn-out bearings,2025-09-19
D1429,Leakage,MCH-228,Line-5,2025-01-21,Gas flow inconsistency,Replaced seal and added pressure monitoring,2025-01-23
D1430,Surface Crack,MCH-227,Line-4,2025-07-24,Gas flow inconsistency,Calibrated oven temperature and added monitoring alert,2025-07-25
D1431,Loose Assembly,MCH-420,Line-4,2025-07-02,Coolant shortage,Polished die and added regular inspection routine,2025-07-07
D1432,Leakage,MCH-238,Line-3,2025-02-10,High machine vibration,Calibrated equipment and updated calibration logs,2025-02-11
D1433,Burr Formation,MCH-453,Line-2,2025-06-17,Operator error,Refilled coolant tank and fixed coolant flow sensor,2025-06-18
D1434,Loose Assembly,MCH-132,Line-5,2025-05-26,Loose wiring,Refilled coolant tank and fixed coolant flow sensor,2025-05-30
D1435,Surface Crack,MCH-390,Line-2,2025-02-23,High machine vibration,Refilled coolant tank and fixed coolant flow sensor,2025-02-27
D1436,Electrical Failure,MCH-413,Line-4,2025-02-07,Worn-out die,Calibrated oven temperature and added monitoring alert,2025-02-12
D1437,Dimension Out of Tolerance,MCH-309,Line-3,2025-01-11,Seal failure,Polished die and added regular inspection routine,2025-01-15
D1438,Overheating,MCH-289,Line-5,2025-09-13,Operator error,Calibrated oven temperature and added monitoring alert,2025-09-14
D1439,Welding Porosity,MCH-347,Line-5,2025-06-26,Improper curing temperature,Adjusted machine alignment and replaced worn-out bearings,2025-06-28
D1440,Paint Peeling,MCH-415,Line-5,2025-01-09,Operator error,Adjusted machine alignment and replaced worn-out bearings,2025-01-14
D1441,Paint Peeling,MCH-393,Line-2,2025-06-24,Loose wiring,Refilled coolant tank and fixed coolant flow sensor,2025-06-25
D1442,Surface Crack,MCH-368,Line-5,2025-04-04,Operator error,Secured wiring and scheduled preventive inspection,2025-04-06
D1443,Overheating,MCH-417,Line-3,2025-04-14,Improper curing temperature,Secured wiring and scheduled preventive inspection,2025-04-17
D1444,Loose Assembly,MCH-259,Line-1,2025-08-28,Seal failure,Adjusted machine alignment and replaced worn-out bearings,2025-08-31
D1445,Loose Assembly,MCH-119,Line-2,2025-09-11,Coolant shortage,Refilled coolant tank and fixed coolant flow sensor,2025-09-16
D1446,Welding Porosity,MCH-499,Line-2,2025-02-20,Tool wear,Polished die and added regular inspection routine,2025-02-25
D1447,Misalignment,MCH-370,Line-2,2025-02-09,Gas flow inconsistency,Replaced cutting tool and added tool inspection schedule,2025-02-10
D1448,Dimension Out of Tolerance,MCH-146,Line-2,2025-04-30,Improper curing temperature,Polished die and added regular inspection routine,2025-05-02
D1449,Misalignment,MCH-499,Line-1,2025-09-02,Coolant shortage,Calibrated equipment and updated calibration logs,2025-09-07
D1450,Burr Formation,MCH-148,Line-1,2025-07-13,Tool wear,Calibrated oven temperature and added monitoring alert,2025-07-18
D1451,Burr Formation,MCH-160,Line-4,2025-06-25,Seal failure,Secured wiring and scheduled preventive inspection,2025-06-27
D1452,Leakage,MCH-328,Line-5,2025-06-16,Operator error,Polished die and added regular inspection routine,2025-06-17
D1453,Electrical Failure,MCH-331,Line-2,2025-01-28,Improper calibration,Replaced cutting tool and added tool inspection schedule,2025-02-01
D1454,Dimension Out of Tolerance,MCH-225,Line-5,2025-06-25,Loose wiring,Replaced gas regulator and trained operator,2025-06-28
D1455,Loose Assembly,MCH-496,Line-1,2025-03-18,Seal failure,Polished die and added regular inspection routine,2025-03-19
D1456,Surface Crack,MCH-299,Line-2,2025-07-27,Coolant shortage,Calibrated oven temperature and added monitoring alert,2025-08-01
D1457,Welding Porosity,MCH-277,Line-1,2025-08-06,Seal failure,Replaced gas regulator and trained operator,2025-08-10
D1458,Electrical Failure,MCH-306,Line-2,2025-07-05,Improper calibration,Polished die and added regular inspection routine,2025-07-09
D1459,Overheating,MCH-262,Line-4,2025-09-07,Tool wear,Adjusted machine alignment and replaced worn-out bearings,2025-09-11
D1460,Misalignment,MCH-154,Line-3,2025-08-21,Improper curing temperature,Calibrated equipment and updated calibration logs,2025-08-24
D1461,Overheating,MCH-329,Line-2,2025-01-14,Worn-out die,Replaced gas regulator and trained operator,2025-01-16
D1462,Burr Formation,MCH-337,Line-1,2025-03-12,Seal failure,Introduced torque check checklist and operator training,2025-03-13
D1463,Electrical Failure,MCH-353,Line-2,2025-08-01,Gas flow inconsistency,Refilled coolant tank and fixed coolant flow sensor,2025-08-04
D1464,Leakage,MCH-261,Line-2,2025-03-20,Operator error,Introduced torque check checklist and operator training,2025-03-22
D1465,Burr Formation,MCH-483,Line-4,2025-07-03,Improper curing temperature,Adjusted machine alignment and replaced worn-out bearings,2025-07-07
D1466,Welding Porosity,MCH-447,Line-5,2025-08-26,Improper calibration,Secured wiring and scheduled preventive inspection,2025-08-27
D1467,Loose Assembly,MCH-485,Line-2,2025-04-24,Loose wiring,Calibrated oven temperature and added monitoring alert,2025-04-26
D1468,Misalignment,MCH-310,Line-1,2025-08-03,High machine vibration,Adjusted machine alignment and replaced worn-out bearings,2025-08-07
D1469,Welding Porosity,MCH-180,Line-5,2025-07-06,Seal failure,Introduced torque check checklist and operator training,2025-07-07
D1470,Electrical Failure,MCH-304,Line-2,2025-04-10,Tool wear,Secured wiring and scheduled preventive inspection,2025-04-14
D1471,Misalignment,MCH-343,Line-3,2025-01-01,High machine vibration,Secured wiring and scheduled preventive inspection,2025-01-02
D1472,Electrical Failure,MCH-483,Line-4,2025-06-15,Loose wiring,Calibrated oven temperature and added monitoring alert,2025-06-20
D1473,Electrical Failure,MCH-221,Line-2,2025-05-24,Improper curing temperature,Polished die and added regular inspection routine,2025-05-28
D1474,Welding Porosity,MCH-256,Line-2,2025-01-01,Worn-out die,Polished die and added regular inspection routine,2025-01-05
D1475,Dimension Out of Tolerance,MCH-347,Line-4,2025-01-08,Tool wear,Replaced cutting tool and added tool inspection schedule,2025-01-11
D1476,Welding Porosity,MCH-115,Line-4,2025-06-30,Improper calibration,Polished die and added regular inspection routine,2025-07-02
D1477,Leakage,MCH-491,Line-4,2025-03-29,Coolant shortage,Calibrated oven temperature and added monitoring alert,2025-04-03
D1478,Surface Crack,MCH-188,Line-4,2025-04-17,Loose wiring,Replaced seal and added pressure monitoring,2025-04-19
D1479,Overheating,MCH-298,Line-3,2025-04-20,Operator error,Introduced torque check checklist and operator training,2025-04-24
D1480,Welding Porosity,MCH-248,Line-3,2025-09-17,Worn-out die,Replaced cutting tool and added tool inspection schedule,2025-09-22
D1481,Leakage,MCH-466,Line-5,2025-01-14,High machine vibration,Calibrated equipment and updated calibration logs,2025-01-19
D1482,Leakage,MCH-393,Line-1,2025-06-30,Coolant shortage,Calibrated oven temperature and added monitoring alert,2025-07-02
D1483,Burr Formation,MCH-213,Line-4,2025-05-28,High machine vibration,Calibrated oven temperature and added monitoring alert,2025-05-29
D1484,Paint Peeling,MCH-229,Line-1,2025-09-08,Improper calibration,Adjusted machine alignment and replaced worn-out bearings,2025-09-12
D1485,Welding Porosity,MCH-345,Line-2,2025-09-17,High machine vibration,Calibrated equipment and updated calibration logs,2025-09-22
D1486,Leakage,MCH-299,Line-4,2025-01-23,Worn-out die,Secured wiring and scheduled preventive inspection,2025-01-24
D1487,Dimension Out of Tolerance,MCH-456,Line-1,2025-03-19,Coolant shortage,Replaced gas regulator and trained operator,2025-03-21
D1488,Dimension Out of Tolerance,MCH-303,Line-5,2025-06-18,Worn-out die,Replaced cutting tool and added tool inspection schedule,2025-06-20
D1489,Surface Crack,MCH-195,Line-1,2025-06-17,Loose wiring,Calibrated equipment and updated calibration logs,2025-06-20
D1490,Welding Porosity,MCH-296,Line-1,2025-03-07,Worn-out die,Replaced gas regulator and trained operator,2025-03-08
D1491,Misalignment,MCH-368,Line-2,2025-05-06,Tool wear,Refilled coolant tank and fixed coolant flow sensor,2025-05-11
D1492,Welding Porosity,MCH-302,Line-3,2025-03-25,Coolant shortage,Calibrated oven temperature and added monitoring alert,2025-03-27
D1493,Electrical Failure,MCH-122,Line-5,2025-02-18,Coolant shortage,Refilled coolant tank and fixed coolant flow sensor,2025-02-23
D1494,Dimension Out of Tolerance,MCH-262,Line-3,2025-01-20,Coolant shortage,Refilled coolant tank and fixed coolant flow sensor,2025-01-23
D1495,Burr Formation,MCH-174,Line-1,2025-06-04,Loose wiring,Replaced cutting tool and added tool inspection schedule,2025-06-08
D1496,Electrical Failure,MCH-356,Line-5,2025-07-05,High machine vibration,Refilled coolant tank and fixed coolant flow sensor,2025-07-07
D1497,Burr Formation,MCH-500,Line-1,2025-02-06,Improper curing temperature,Adjusted machine alignment and replaced worn-out bearings,2025-02-09
D1498,Overheating,MCH-372,Line-5,2025-05-04,Seal failure,Introduced torque check checklist and operator training,2025-05-05
D1499,Surface Crack,MCH-302,Line-5,2025-01-13,High machine vibration,Adjusted machine alignment and replaced worn-out bearings,2025-01-17
D1500,Misalignment,MCH-261,Line-4,2025-05-27,Improper curing temperature,Introduced torque check checklist and operator training,2025-05-31
D1501,Dimension Out of Tolerance,MCH-259,Line-2,2025-03-29,Tool wear,Replaced gas regulator and trained operator,2025-03-30
D1502,Paint Peeling,MCH-389,Line-5,2025-03-22,Gas flow inconsistency,Refilled coolant tank and fixed coolant flow sensor,2025-03-25
D1503,Loose Assembly,MCH-403,Line-2,2025-02-08,Worn-out die,Secured wiring and scheduled preventive inspection,2025-02-10
D1504,Overheating,MCH-212,Line-1,2025-05-20,Tool wear,Introduced torque check checklist and operator training,2025-05-22
D1505,Misalignment,MCH-492,Line-3,2025-01-26,Operator error,Refilled coolant tank and fixed coolant flow sensor,2025-01-27
D1506,Overheating,MCH-183,Line-2,2025-06-12,Loose wiring,Polished die and added regular inspection routine,2025-06-13
D1507,Welding Porosity,MCH-491,Line-4,2025-06-11,Coolant shortage,Calibrated equipment and updated calibration logs,2025-06-14
D1508,Dimension Out of Tolerance,MCH-349,Line-1,2025-02-08,Seal failure,Calibrated oven temperature and added monitoring alert,2025-02-09
D1509,Leakage,MCH-274,Line-2,2025-05-26,Operator error,Secured wiring and scheduled preventive inspection,2025-05-28
D1510,Paint Peeling,MCH-326,Line-2,2025-07-10,Loose wiring,Introduced torque check checklist and operator training,2025-07-14
D1511,Dimension Out of Tolerance,MCH-439,Line-5,2025-06-12,Improper curing temperature,Replaced gas regulator and trained operator,2025-06-13
D1512,Dimension Out of Tolerance,MCH-335,Line-2,2025-01-31,Coolant shortage,Replaced seal and added pressure monitoring,2025-02-04
D1513,Welding Porosity,MCH-190,Line-1,2025-06-08,Improper calibration,Adjusted machine alignment and replaced worn-out bearings,2025-06-13
D1514,Leakage,MCH-408,Line-4,2025-01-17,High machine vibration,Replaced cutting tool and added tool inspection schedule,2025-01-18
D1515,Surface Crack,MCH-277,Line-2,2025-07-04,Loose wiring,Calibrated equipment and updated calibration logs,2025-07-06
D1516,Welding Porosity,MCH-463,Line-2,2025-07-17,Tool wear,Calibrated equipment and updated calibration logs,2025-07-21
D1517,Dimension Out of Tolerance,MCH-500,Line-5,2025-09-13,Gas flow inconsistency,Calibrated equipment and updated calibration logs,2025-09-14
D1518,Loose Assembly,MCH-329,Line-1,2025-04-01,High machine vibration,Introduced torque check checklist and operator training,2025-04-06
D1519,Welding Porosity,MCH-488,Line-2,2025-04-16,Loose wiring,Adjusted machine alignment and replaced worn-out bearings,2025-04-21
D1520,Leakage,MCH-398,Line-1,2025-09-16,Coolant shortage,Replaced cutting tool and added tool inspection schedule,2025-09-18
D1521,Welding Porosity,MCH-334,Line-2,2025-04-30,Worn-out die,Adjusted machine alignment and replaced worn-out bearings,2025-05-02
D1522,Leakage,MCH-132,Line-4,2025-05-27,High machine vibration,Adjusted machine alignment and replaced worn-out bearings,2025-06-01
D1523,Welding Porosity,MCH-435,Line-1,2025-06-23,Improper calibration,Replaced seal and added pressure monitoring,2025-06-24
D1524,Dimension Out of Tolerance,MCH-478,Line-3,2025-09-11,Improper calibration,Calibrated oven temperature and added monitoring alert,2025-09-14
D1525,Loose Assembly,MCH-450,Line-3,2025-03-23,High machine vibration,Replaced gas regulator and trained operator,2025-03-27
D1526,Leakage,MCH-267,Line-1,2025-08-04,Loose wiring,Replaced gas regulator and trained operator,2025-08-07
D1527,Overheating,MCH-473,Line-4,2025-01-27,Improper curing temperature,Replaced seal and added pressure monitoring,2025-01-30
D1528,Leakage,MCH-311,Line-3,2025-08-29,Worn-out die,Calibrated oven temperature and added monitoring alert,2025-09-01
D1529,Electrical Failure,MCH-413,Line-1,2025-02-06,Coolant shortage,Calibrated equipment and updated calibration logs,2025-02-07
D1530,Surface Crack,MCH-127,Line-5,2025-07-03,Seal failure,Replaced seal and added pressure monitoring,2025-07-08
D1531,Dimension Out of Tolerance,MCH-246,Line-5,2025-02-08,Gas flow inconsistency,Calibrated oven temperature and added monitoring alert,2025-02-12
D1532,Burr Formation,MCH-178,Line-1,2025-08-23,Operator error,Secured wiring and scheduled preventive inspection,2025-08-24
D1533,Loose Assembly,MCH-152,Line-5,2025-07-24,Improper curing temperature,Replaced gas regulator and trained operator,2025-07-28
D1534,Electrical Failure,MCH-374,Line-4,2025-01-10,Operator error,Adjusted machine alignment and replaced worn-out bearings,2025-01-11
D1535,Paint Peeling,MCH-308,Line-5,2025-07-23,Seal failure,Adjusted machine alignment and replaced worn-out bearings,2025-07-25
D1536,Electrical Failure,MCH-106,Line-2,2025-04-09,Tool wear,Calibrated equipment and updated calibration logs,2025-04-10
D1537,Electrical Failure,MCH-338,Line-2,2025-05-07,High machine vibration,Replaced gas regulator and trained operator,2025-05-10
D1538,Welding Porosity,MCH-300,Line-2,2025-04-20,Improper curing temperature,Replaced gas regulator and trained operator,2025-04-22
D1539,Burr Formation,MCH-464,Line-2,2025-08-16,Coolant shortage,Refilled coolant tank and fixed coolant flow sensor,2025-08-17
D1540,Paint Peeling,MCH-337,Line-1,2025-03-16,Operator error,Replaced gas regulator and trained operator,2025-03-20
D1541,Paint Peeling,MCH-462,Line-5,2025-02-26,Coolant shortage,Calibrated equipment and updated calibration logs,2025-03-02
D1542,Paint Peeling,MCH-379,Line-3,2025-05-06,Operator error,Replaced cutting tool and added tool inspection schedule,2025-05-07
D1543,Welding Porosity,MCH-224,Line-2,2025-05-18,Improper calibration,Refilled coolant tank and fixed coolant flow sensor,2025-05-20
D1544,Surface Crack,MCH-481,Line-1,2025-08-27,High machine vibration,Polished die and added regular inspection routine,2025-08-31
D1545,Overheating,MCH-291,Line-3,2025-04-17,Seal failure,Adjusted machine alignment and replaced worn-out bearings,2025-04-21
D1546,Electrical Failure,MCH-315,Line-4,2025-07-01,Operator error,Replaced seal and added pressure monitoring,2025-07-02
D1547,Misalignment,MCH-496,Line-3,2025-07-13,High machine vibration,Calibrated oven temperature and added monitoring alert,2025-07-15
D1548,Overheating,MCH-260,Line-3,2025-06-04,Worn-out die,Refilled coolant tank and fixed coolant flow sensor,2025-06-08
D1549,Leakage,MCH-213,Line-2,2025-09-13,High machine vibration,Polished die and added regular inspection routine,2025-09-15
D1550,Paint Peeling,MCH-266,Line-4,2025-03-09,Tool wear,Replaced cutting tool and added tool inspection schedule,2025-03-13
D1551,Loose Assembly,MCH-309,Line-2,2025-06-02,Loose wiring,Introduced torque check checklist and operator training,2025-06-05
D1552,Loose Assembly,MCH-437,Line-5,2025-03-25,High machine vibration,Polished die and added regular inspection routine,2025-03-29
D1553,Leakage,MCH-266,Line-1,2025-07-01,Loose wiring,Replaced cutting tool and added tool inspection schedule,2025-07-02
D1554,Dimension Out of Tolerance,MCH-422,Line-2,2025-05-13,High machine vibration,Replaced gas regulator and trained operator,2025-05-14
D1555,Misalignment,MCH-232,Line-3,2025-04-10,Seal failure,Introduced torque check checklist and operator training,2025-04-11
D1556,Welding Porosity,MCH-198,Line-3,2025-03-19,Coolant shortage,Introduced torque check checklist and operator training,2025-03-22
D1557,Welding Porosity,MCH-244,Line-2,2025-04-22,Tool wear,Refilled coolant tank and fixed coolant flow sensor,2025-04-25
D1558,Burr Formation,MCH-438,Line-2,2025-05-06,Loose wiring,Adjusted machine alignment and replaced worn-out bearings,2025-05-08
D1559,Surface Crack,MCH-201,Line-5,2025-05-14,Worn-out die,Calibrated equipment and updated calibration logs,2025-05-18
D1560,Loose Assembly,MCH-258,Line-2,2025-06-30,Seal failure,Adjusted machine alignment and replaced worn-out bearings,2025-07-03
D1561,Burr Formation,MCH-240,Line-3,2025-04-23,Worn-out die,Replaced seal and added pressure monitoring,2025-04-24
D1562,Dimension Out of Tolerance,MCH-449,Line-2,2025-08-08,High machine vibration,Calibrated oven temperature and added monitoring alert,2025-08-11
D1563,Surface Crack,MCH-333,Line-3,2025-07-24,Improper calibration,Calibrated equipment and updated calibration logs,2025-07-28
D1564,Surface Crack,MCH-442,Line-4,2025-08-09,Seal failure,Introduced torque check checklist and operator training,2025-08-11
D1565,Leakage,MCH-163,Line-2,2025-08-10,Worn-out die,Secured wiring and scheduled preventive inspection,2025-08-11
D1566,Dimension Out of Tolerance,MCH-474,Line-5,2025-02-18,Coolant shortage,Calibrated equipment and updated calibration logs,2025-02-19
D1567,Misalignment,MCH-104,Line-1,2025-08-11,Seal failure,Replaced gas regulator and trained operator,2025-08-13
D1568,Electrical Failure,MCH-497,Line-5,2025-08-03,Operator error,Secured wiring and scheduled preventive inspection,2025-08-04
D1569,Surface Crack,MCH-332,Line-1,2025-03-02,Seal failure,Introduced torque check checklist and operator training,2025-03-06
D1570,Misalignment,MCH-383,Line-1,2025-08-23,Tool wear,Secured wiring and scheduled preventive inspection,2025-08-28
D1571,Surface Crack,MCH-175,Line-5,2025-04-27,High machine vibration,Calibrated oven temperature and added monitoring alert,2025-04-30
D1572,Leakage,MCH-126,Line-2,2025-01-11,Improper curing temperature,Introduced torque check checklist and operator training,2025-01-16
D1573,Overheating,MCH-497,Line-5,2025-09-03,Worn-out die,Replaced seal and added pressure monitoring,2025-09-07
D1574,Electrical Failure,MCH-243,Line-3,2025-06-11,Coolant shortage,Polished die and added regular inspection routine,2025-06-16
D1575,Paint Peeling,MCH-298,Line-1,2025-04-29,Worn-out die,Refilled coolant tank and fixed coolant flow sensor,2025-05-01
D1576,Electrical Failure,MCH-261,Line-2,2025-02-04,High machine vibration,Secured wiring and scheduled preventive inspection,2025-02-08
D1577,Electrical Failure,MCH-178,Line-4,2025-04-10,Loose wiring,Introduced torque check checklist and operator training,2025-04-14
D1578,Welding Porosity,MCH-282,Line-3,2025-04-04,Worn-out die,Polished die and added regular inspection routine,2025-04-05
D1579,Loose Assembly,MCH-257,Line-1,2025-08-01,High machine vibration,Replaced gas regulator and trained operator,2025-08-04
D1580,Loose Assembly,MCH-110,Line-5,2025-05-08,Improper curing temperature,Introduced torque check checklist and operator training,2025-05-13
D1581,Leakage,MCH-129,Line-1,2025-01-10,Improper calibration,Adjusted machine alignment and replaced worn-out bearings,2025-01-11
D1582,Electrical Failure,MCH-135,Line-1,2025-04-23,Gas flow inconsistency,Replaced cutting tool and added tool inspection schedule,2025-04-25
D1583,Leakage,MCH-295,Line-5,2025-02-25,Gas flow inconsistency,Calibrated equipment and updated calibration logs,2025-03-01
D1584,Dimension Out of Tolerance,MCH-231,Line-2,2025-08-08,Seal failure,Polished die and added regular inspection routine,2025-08-09
D1585,Surface Crack,MCH-349,Line-2,2025-07-18,High machine vibration,Replaced cutting tool and added tool inspection schedule,2025-07-23
D1586,Burr Formation,MCH-450,Line-5,2025-07-14,Improper calibration,Introduced torque check checklist and operator training,2025-07-15
D1587,Welding Porosity,MCH-147,Line-5,2025-07-19,Operator error,Calibrated oven temperature and added monitoring alert,2025-07-21
D1588,Burr Formation,MCH-246,Line-2,2025-05-18,Operator error,Introduced torque check checklist and operator training,2025-05-20
D1589,Misalignment,MCH-220,Line-3,2025-02-02,Improper calibration,Calibrated equipment and updated calibration logs,2025-02-07
D1590,Leakage,MCH-269,Line-5,2025-03-02,Coolant shortage,Secured wiring and scheduled preventive inspection,2025-03-05
D1591,Loose Assembly,MCH-245,Line-2,2025-06-12,Seal failure,Introduced torque check checklist and operator training,2025-06-17
D1592,Welding Porosity,MCH-197,Line-4,2025-06-22,Seal failure,Refilled coolant tank and fixed coolant flow sensor,2025-06-27
D1593,Welding Porosity,MCH-301,Line-4,2025-05-14,Worn-out die,Refilled coolant tank and fixed coolant flow sensor,2025-05-16
D1594,Misalignment,MCH-119,Line-3,2025-06-18,Coolant shortage,Refilled coolant tank and fixed coolant flow sensor,2025-06-21
D1595,Overheating,MCH-382,Line-1,2025-03-30,Worn-out die,Introduced torque check checklist and operator training,2025-03-31
D1596,Leakage,MCH-299,Line-5,2025-01-11,Loose wiring,Secured wiring and scheduled preventive inspection,2025-01-12
D1597,Dimension Out of Tolerance,MCH-488,Line-2,2025-02-05,Operator error,Calibrated oven temperature and added monitoring alert,2025-02-07
D1598,Leakage,MCH-444,Line-2,2025-05-22,Seal failure,Introduced torque check checklist and operator training,2025-05-24
D1599,Leakage,MCH-460,Line-4,2025-03-10,Seal failure,Replaced cutting tool and added tool inspection schedule,2025-03-15
D1600,Paint Peeling,MCH-471,Line-3,2025-06-28,Improper curing temperature,Replaced cutting tool and added tool inspection schedule,2025-07-02
D1601,Leakage,MCH-477,Line-1,2025-03-07,Coolant shortage,Introduced torque check checklist and operator training,2025-03-11
D1602,Overheating,MCH-303,Line-1,2025-07-11,Operator error,Replaced cutting tool and added tool inspection schedule,2025-07-16
D1603,Misalignment,MCH-171,Line-5,2025-06-27,Seal failure,Adjusted machine alignment and replaced worn-out bearings,2025-07-01
D1604,Overheating,MCH-266,Line-1,2025-03-13,Improper calibration,Refilled coolant tank and fixed coolant flow sensor,2025-03-14
D1605,Overheating,MCH-386,Line-3,2025-03-13,Coolant shortage,Adjusted machine alignment and replaced worn-out bearings,2025-03-16
D1606,Paint Peeling,MCH-192,Line-1,2025-07-19,Seal failure,Calibrated oven temperature and added monitoring alert,2025-07-20
D1607,Misalignment,MCH-404,Line-1,2025-02-05,Improper calibration,Introduced torque check checklist and operator training,2025-02-08
D1608,Leakage,MCH-142,Line-2,2025-03-21,Improper calibration,Replaced seal and added pressure monitoring,2025-03-25
D1609,Dimension Out of Tolerance,MCH-271,Line-4,2025-06-25,Seal failure,Replaced seal and added pressure monitoring,2025-06-26
D1610,Overheating,MCH-161,Line-5,2025-02-27,Gas flow inconsistency,Introduced torque check checklist and operator training,2025-03-01
D1611,Surface Crack,MCH-170,Line-2,2025-07-30,Loose wiring,Replaced gas regulator and trained operator,2025-08-01
D1612,Welding Porosity,MCH-493,Line-1,2025-06-16,Improper calibration,Secured wiring and scheduled preventive inspection,2025-06-21
D1613,Surface Crack,MCH-102,Line-2,2025-07-21,Gas flow inconsistency,Calibrated equipment and updated calibration logs,2025-07-24
D1614,Overheating,MCH-427,Line-2,2025-08-15,Operator error,Introduced torque check checklist and operator training,2025-08-19
D1615,Dimension Out of Tolerance,MCH-423,Line-2,2025-09-13,Worn-out die,Calibrated oven temperature and added monitoring alert,2025-09-14
D1616,Overheating,MCH-313,Line-2,2025-08-03,Coolant shortage,Replaced gas regulator and trained operator,2025-08-04
D1617,Misalignment,MCH-416,Line-2,2025-05-09,Gas flow inconsistency,Secured wiring and scheduled preventive inspection,2025-05-11
D1618,Leakage,MCH-349,Line-5,2025-03-31,Worn-out die,Adjusted machine alignment and replaced worn-out bearings,2025-04-05
D1619,Overheating,MCH-245,Line-1,2025-06-12,Worn-out die,Refilled coolant tank and fixed coolant flow sensor,2025-06-15
D1620,Electrical Failure,MCH-434,Line-3,2025-05-12,Loose wiring,Secured wiring and scheduled preventive inspection,2025-05-17
D1621,Burr Formation,MCH-207,Line-3,2025-04-20,Gas flow inconsistency,Refilled coolant tank and fixed coolant flow sensor,2025-04-22
D1622,Leakage,MCH-316,Line-2,2025-06-17,Operator error,Adjusted machine alignment and replaced worn-out bearings,2025-06-18
D1623,Loose Assembly,MCH-196,Line-1,2025-08-09,Tool wear,Calibrated oven temperature and added monitoring alert,2025-08-10
D1624,Misalignment,MCH-402,Line-3,2025-02-16,Gas flow inconsistency,Polished die and added regular inspection routine,2025-02-17
D1625,Burr Formation,MCH-253,Line-4,2025-07-31,Coolant shortage,Replaced gas regulator and trained operator,2025-08-04
D1626,Misalignment,MCH-130,Line-5,2025-04-01,Improper curing temperature,Replaced seal and added pressure monitoring,2025-04-06
D1627,Dimension Out of Tolerance,MCH-114,Line-2,2025-03-21,Improper calibration,Polished die and added regular inspection routine,2025-03-25
D1628,Paint Peeling,MCH-310,Line-1,2025-06-20,Worn-out die,Introduced torque check checklist and operator training,2025-06-24
D1629,Leakage,MCH-104,Line-4,2025-04-25,Tool wear,Calibrated oven temperature and added monitoring alert,2025-04-30
D1630,Welding Porosity,MCH-244,Line-3,2025-02-19,High machine vibration,Polished die and added regular inspection routine,2025-02-20
D1631,Welding Porosity,MCH-499,Line-1,2025-08-01,Loose wiring,Introduced torque check checklist and operator training,2025-08-05
D1632,Dimension Out of Tolerance,MCH-435,Line-3,2025-08-18,Improper curing temperature,Replaced gas regulator and trained operator,2025-08-19
D1633,Surface Crack,MCH-357,Line-4,2025-03-16,Gas flow inconsistency,Adjusted machine alignment and replaced worn-out bearings,2025-03-21
D1634,Loose Assembly,MCH-311,Line-5,2025-04-13,High machine vibration,Secured wiring and scheduled preventive inspection,2025-04-18
D1635,Overheating,MCH-305,Line-1,2025-05-13,Coolant shortage,Replaced cutting tool and added tool inspection schedule,2025-05-14
D1636,Welding Porosity,MCH-175,Line-5,2025-08-27,Worn-out die,Adjusted machine alignment and replaced worn-out bearings,2025-08-30
D1637,Burr Formation,MCH-438,Line-2,2025-02-22,High machine vibration,Replaced gas regulator and trained operator,2025-02-27
D1638,Dimension Out of Tolerance,MCH-391,Line-4,2025-06-06,Tool wear,Replaced gas regulator and trained operator,2025-06-11
D1639,Surface Crack,MCH-193,Line-4,2025-02-23,Tool wear,Replaced cutting tool and added tool inspection schedule,2025-02-26
D1640,Misalignment,MCH-117,Line-3,2025-02-26,Tool wear,Polished die and added regular inspection routine,2025-02-27
D1641,Electrical Failure,MCH-120,Line-2,2025-08-15,Improper calibration,Introduced torque check checklist and operator training,2025-08-19
D1642,Loose Assembly,MCH-382,Line-5,2025-06-09,Improper curing temperature,Replaced gas regulator and trained operator,2025-06-12
D1643,Burr Formation,MCH-289,Line-1,2025-06-02,Gas flow inconsistency,Refilled coolant tank and fixed coolant flow sensor,2025-06-07
D1644,Welding Porosity,MCH-333,Line-3,2025-06-24,Worn-out die,Refilled coolant tank and fixed coolant flow sensor,2025-06-27
D1645,Paint Peeling,MCH-379,Line-4,2025-08-16,Operator error,Secured wiring and scheduled preventive inspection,2025-08-18
D1646,Leakage,MCH-494,Line-3,2025-09-17,Seal failure,Calibrated equipment and updated calibration logs,2025-09-22
D1647,Dimension Out of Tolerance,MCH-245,Line-4,2025-07-05,Operator error,Replaced gas regulator and trained operator,2025-07-08
D1648,Loose Assembly,MCH-158,Line-1,2025-08-04,Improper calibration,Adjusted machine alignment and replaced worn-out bearings,2025-08-08
D1649,Leakage,MCH-240,Line-3,2025-07-03,High machine vibration,Polished die and added regular inspection routine,2025-07-04
D1650,Paint Peeling,MCH-172,Line-3,2025-01-15,Improper curing temperature,Secured wiring and scheduled preventive inspection,2025-01-20
D1651,Misalignment,MCH-140,Line-5,2025-05-26,Loose wiring,Replaced gas regulator and trained operator,2025-05-28
D1652,Misalignment,MCH-182,Line-4,2025-06-17,Tool wear,Polished die and added regular inspection routine,2025-06-19
D1653,Welding Porosity,MCH-491,Line-5,2025-08-10,Worn-out die,Polished die and added regular inspection routine,2025-08-15
D1654,Loose Assembly,MCH-261,Line-4,2025-06-13,Loose wiring,Refilled coolant tank and fixed coolant flow sensor,2025-06-17
D1655,Paint Peeling,MCH-165,Line-2,2025-05-20,Loose wiring,Refilled coolant tank and fixed coolant flow sensor,2025-05-23
D1656,Dimension Out of Tolerance,MCH-381,Line-5,2025-02-16,Loose wiring,Secured wiring and scheduled preventive inspection,2025-02-19
D1657,Overheating,MCH-269,Line-1,2025-02-10,Improper curing temperature,Introduced torque check checklist and operator training,2025-02-13
D1658,Overheating,MCH-293,Line-5,2025-02-10,Coolant shortage,Refilled coolant tank and fixed coolant flow sensor,2025-02-13
D1659,Electrical Failure,MCH-112,Line-3,2025-03-10,Operator error,Replaced cutting tool and added tool inspection schedule,2025-03-12
D1660,Overheating,MCH-227,Line-3,2025-09-06,Worn-out die,Replaced cutting tool and added tool inspection schedule,2025-09-11
D1661,Leakage,MCH-387,Line-1,2025-02-05,Operator error,Replaced cutting tool and added tool inspection schedule,2025-02-09
D1662,Misalignment,MCH-153,Line-3,2025-08-26,Gas flow inconsistency,Polished die and added regular inspection routine,2025-08-29
D1663,Leakage,MCH-330,Line-1,2025-08-12,Improper curing temperature,Replaced cutting tool and added tool inspection schedule,2025-08-17
D1664,Paint Peeling,MCH-396,Line-2,2025-01-29,Worn-out die,Refilled coolant tank and fixed coolant flow sensor,2025-01-30
D1665,Leakage,MCH-469,Line-1,2025-06-24,High machine vibration,Calibrated equipment and updated calibration logs,2025-06-27
D1666,Loose Assembly,MCH-483,Line-2,2025-05-01,Improper curing temperature,Replaced seal and added pressure monitoring,2025-05-02
D1667,Dimension Out of Tolerance,MCH-316,Line-4,2025-09-02,Improper calibration,Secured wiring and scheduled preventive inspection,2025-09-04
D1668,Welding Porosity,MCH-238,Line-2,2025-05-21,Improper calibration,Replaced gas regulator and trained operator,2025-05-22
D1669,Loose Assembly,MCH-132,Line-4,2025-03-20,Improper curing temperature,Replaced cutting tool and added tool inspection schedule,2025-03-22
D1670,Paint Peeling,MCH-395,Line-5,2025-05-20,Gas flow inconsistency,Replaced cutting tool and added tool inspection schedule,2025-05-25
D1671,Paint Peeling,MCH-220,Line-1,2025-06-29,Improper calibration,Introduced torque check checklist and operator training,2025-06-30
D1672,Dimension Out of Tolerance,MCH-341,Line-4,2025-01-25,Operator error,Introduced torque check checklist and operator training,2025-01-26
D1673,Welding Porosity,MCH-232,Line-5,2025-06-18,Seal failure,Calibrated equipment and updated calibration logs,2025-06-23
D1674,Surface Crack,MCH-389,Line-5,2025-06-18,Tool wear,Refilled coolant tank and fixed coolant flow sensor,2025-06-19
D1675,Welding Porosity,MCH-393,Line-3,2025-08-16,Improper curing temperature,Calibrated oven temperature and added monitoring alert,2025-08-18
D1676,Electrical Failure,MCH-227,Line-3,2025-09-15,Loose wiring,Secured wiring and scheduled preventive inspection,2025-09-19
D1677,Dimension Out of Tolerance,MCH-249,Line-4,2025-02-14,Seal failure,Secured wiring and scheduled preventive inspection,2025-02-16
D1678,Surface Crack,MCH-246,Line-1,2025-05-03,Operator error,Polished die and added regular inspection routine,2025-05-07
D1679,Paint Peeling,MCH-249,Line-5,2025-06-28,High machine vibration,Introduced torque check checklist and operator training,2025-07-02
D1680,Electrical Failure,MCH-370,Line-3,2025-07-31,Loose wiring,Secured wiring and scheduled preventive inspection,2025-08-02
D1681,Burr Formation,MCH-175,Line-3,2025-06-23,Worn-out die,Replaced seal and added pressure monitoring,2025-06-25
D1682,Misalignment,MCH-158,Line-4,2025-03-12,Seal failure,Introduced torque check checklist and operator training,2025-03-15
D1683,Dimension Out of Tolerance,MCH-371,Line-4,2025-09-03,Improper calibration,Replaced gas regulator and trained operator,2025-09-05
D1684,Welding Porosity,MCH-304,Line-1,2025-06-07,Seal failure,Adjusted machine alignment and replaced worn-out bearings,2025-06-09
D1685,Surface Crack,MCH-356,Line-1,2025-08-17,Improper calibration,Secured wiring and scheduled preventive inspection,2025-08-22
D1686,Misalignment,MCH-305,Line-1,2025-02-11,Seal failure,Calibrated oven temperature and added monitoring alert,2025-02-12
D1687,Paint Peeling,MCH-158,Line-4,2025-02-06,Tool wear,Secured wiring and scheduled preventive inspection,2025-02-07
D1688,Burr Formation,MCH-446,Line-4,2025-04-29,Tool wear,Introduced torque check checklist and operator training,2025-05-03
D1689,Leakage,MCH-232,Line-1,2025-04-30,Loose wiring,Refilled coolant tank and fixed coolant flow sensor,2025-05-04
D1690,Leakage,MCH-202,Line-5,2025-05-31,Seal failure,Replaced seal and added pressure monitoring,2025-06-05
D1691,Electrical Failure,MCH-420,Line-2,2025-07-03,Loose wiring,Introduced torque check checklist and operator training,2025-07-05
D1692,Leakage,MCH-201,Line-4,2025-06-11,Tool wear,Refilled coolant tank and fixed coolant flow sensor,2025-06-14
D1693,Leakage,MCH-423,Line-4,2025-05-12,Tool wear,Replaced gas regulator and trained operator,2025-05-13
D1694,Surface Crack,MCH-312,Line-1,2025-05-22,Seal failure,Replaced gas regulator and trained operator,2025-05-26
D1695,Leakage,MCH-429,Line-4,2025-05-02,Improper curing temperature,Calibrated oven temperature and added monitoring alert,2025-05-05
D1696,Leakage,MCH-196,Line-5,2025-07-15,Improper curing temperature,Adjusted machine alignment and replaced worn-out bearings,2025-07-16
D1697,Loose Assembly,MCH-431,Line-5,2025-01-03,High machine vibration,Polished die and added regular inspection routine,2025-01-05
D1698,Welding Porosity,MCH-105,Line-1,2025-05-28,High machine vibration,Refilled coolant tank and fixed coolant flow sensor,2025-06-01
D1699,Overheating,MCH-151,Line-4,2025-04-12,Loose wiring,Calibrated oven temperature and added monitoring alert,2025-04-13
D1700,Overheating,MCH-480,Line-2,2025-04-28,Improper curing temperature,Replaced cutting tool and added tool inspection schedule,2025-04-29
D1701,Overheating,MCH-168,Line-2,2025-06-04,Gas flow inconsistency,Refilled coolant tank and fixed coolant flow sensor,2025-06-05
D1702,Burr Formation,MCH-383,Line-2,2025-06-24,Worn-out die,Replaced gas regulator and trained operator,2025-06-29
D1703,Burr Formation,MCH-144,Line-4,2025-07-30,Improper curing temperature,Replaced cutting tool and added tool inspection schedule,2025-07-31
D1704,Misalignment,MCH-425,Line-5,2025-04-05,Seal failure,Calibrated equipment and updated calibration logs,2025-04-10
D1705,Surface Crack,MCH-344,Line-3,2025-09-15,High machine vibration,Calibrated equipment and updated calibration logs,2025-09-16
D1706,Misalignment,MCH-444,Line-3,2025-08-22,Coolant shortage,Replaced cutting tool and added tool inspection schedule,2025-08-25
D1707,Paint Peeling,MCH-276,Line-2,2025-09-06,Gas flow inconsistency,Replaced cutting tool and added tool inspection schedule,2025-09-09
D1708,Surface Crack,MCH-477,Line-3,2025-09-14,High machine vibration,Replaced gas regulator and trained operator,2025-09-19
D1709,Electrical Failure,MCH-131,Line-3,2025-05-23,Worn-out die,Calibrated oven temperature and added monitoring alert,2025-05-24
D1710,Loose Assembly,MCH-195,Line-3,2025-08-05,Coolant shortage,Polished die and added regular inspection routine,2025-08-07
D1711,Misalignment,MCH-232,Line-3,2025-04-21,Loose wiring,Calibrated equipment and updated calibration logs,2025-04-26
D1712,Electrical Failure,MCH-416,Line-5,2025-05-21,Improper calibration,Refilled coolant tank and fixed coolant flow sensor,2025-05-26
D1713,Loose Assembly,MCH-277,Line-3,2025-02-08,Worn-out die,Secured wiring and scheduled preventive inspection,2025-02-13
D1714,Welding Porosity,MCH-278,Line-3,2025-05-10,Seal failure,Adjusted machine alignment and replaced worn-out bearings,2025-05-12
D1715,Electrical Failure,MCH-264,Line-1,2025-04-04,Tool wear,Polished die and added regular inspection routine,2025-04-08
D1716,Paint Peeling,MCH-385,Line-2,2025-05-31,Operator error,Replaced seal and added pressure monitoring,2025-06-03
D1717,Paint Peeling,MCH-404,Line-3,2025-02-13,Gas flow inconsistency,Calibrated equipment and updated calibration logs,2025-02-16
D1718,Loose Assembly,MCH-118,Line-2,2025-04-14,Tool wear,Polished die and added regular inspection routine,2025-04-17
D1719,Overheating,MCH-132,Line-2,2025-05-19,Improper curing temperature,Replaced seal and added pressure monitoring,2025-05-21
D1720,Electrical Failure,MCH-276,Line-1,2025-08-27,Coolant shortage,Replaced seal and added pressure monitoring,2025-08-30
D1721,Overheating,MCH-123,Line-4,2025-04-23,Coolant shortage,Adjusted machine alignment and replaced worn-out bearings,2025-04-28
D1722,Electrical Failure,MCH-148,Line-2,2025-06-26,Operator error,Refilled coolant tank and fixed coolant flow sensor,2025-06-29
D1723,Overheating,MCH-286,Line-4,2025-07-28,Worn-out die,Calibrated oven temperature and added monitoring alert,2025-08-01
D1724,Welding Porosity,MCH-100,Line-2,2025-07-02,Loose wiring,Replaced gas regulator and trained operator,2025-07-03
D1725,Misalignment,MCH-489,Line-5,2025-09-03,Loose wiring,Replaced gas regulator and trained operator,2025-09-06
D1726,Welding Porosity,MCH-299,Line-2,2025-06-06,Improper calibration,Replaced cutting tool and added tool inspection schedule,2025-06-08
D1727,Dimension Out of Tolerance,MCH-115,Line-2,2025-03-03,Improper curing temperature,Polished die and added regular inspection routine,2025-03-05
D1728,Burr Formation,MCH-439,Line-2,2025-01-23,Improper calibration,Replaced cutting tool and added tool inspection schedule,2025-01-28
D1729,Burr Formation,MCH-145,Line-2,2025-04-30,Worn-out die,Calibrated oven temperature and added monitoring alert,2025-05-02
D1730,Welding Porosity,MCH-266,Line-1,2025-07-06,Gas flow inconsistency,Replaced gas regulator and trained operator,2025-07-08
D1731,Burr Formation,MCH-349,Line-1,2025-08-28,Improper calibration,Refilled coolant tank and fixed coolant flow sensor,2025-08-30
D1732,Burr Formation,MCH-403,Line-4,2025-09-16,Worn-out die,Replaced seal and added pressure monitoring,2025-09-18
D1733,Paint Peeling,MCH-115,Line-4,2025-07-24,Operator error,Polished die and added regular inspection routine,2025-07-25
D1734,Electrical Failure,MCH-212,Line-1,2025-03-11,Improper calibration,Secured wiring and scheduled preventive inspection,2025-03-12
D1735,Surface Crack,MCH-158,Line-3,2025-06-27,Gas flow inconsistency,Introduced torque check checklist and operator training,2025-07-01
D1736,Overheating,MCH-239,Line-5,2025-06-06,Loose wiring,Calibrated equipment and updated calibration logs,2025-06-10
D1737,Paint Peeling,MCH-210,Line-5,2025-01-31,Loose wiring,Polished die and added regular inspection routine,2025-02-01
D1738,Welding Porosity,MCH-387,Line-3,2025-07-14,Improper calibration,Calibrated equipment and updated calibration logs,2025-07-16
D1739,Welding Porosity,MCH-486,Line-4,2025-06-09,Operator error,Introduced torque check checklist and operator training,2025-06-10
D1740,Surface Crack,MCH-487,Line-2,2025-01-07,Coolant shortage,Calibrated equipment and updated calibration logs,2025-01-08
D1741,Electrical Failure,MCH-374,Line-1,2025-08-16,Loose wiring,Refilled coolant tank and fixed coolant flow sensor,2025-08-20
D1742,Dimension Out of Tolerance,MCH-252,Line-2,2025-05-27,Worn-out die,Refilled coolant tank and fixed coolant flow sensor,2025-05-29
D1743,Misalignment,MCH-436,Line-1,2025-08-01,High machine vibration,Introduced torque check checklist and operator training,2025-08-04
D1744,Overheating,MCH-344,Line-2,2025-06-04,Worn-out die,Adjusted machine alignment and replaced worn-out bearings,2025-06-05
D1745,Burr Formation,MCH-351,Line-1,2025-04-08,Gas flow inconsistency,Calibrated oven temperature and added monitoring alert,2025-04-09
D1746,Dimension Out of Tolerance,MCH-134,Line-2,2025-01-22,Gas flow inconsistency,Replaced gas regulator and trained operator,2025-01-24
D1747,Welding Porosity,MCH-363,Line-2,2025-03-23,Improper curing temperature,Calibrated equipment and updated calibration logs,2025-03-25
D1748,Burr Formation,MCH-173,Line-5,2025-03-08,Loose wiring,Replaced seal and added pressure monitoring,2025-03-13
D1749,Paint Peeling,MCH-256,Line-4,2025-08-02,Loose wiring,Secured wiring and scheduled preventive inspection,2025-08-06
D1750,Burr Formation,MCH-311,Line-3,2025-07-07,Loose wiring,Replaced seal and added pressure monitoring,2025-07-12
D1751,Paint Peeling,MCH-421,Line-5,2025-02-26,Worn-out die,Replaced cutting tool and added tool inspection schedule,2025-02-27
D1752,Electrical Failure,MCH-412,Line-1,2025-07-17,Operator error,Calibrated equipment and updated calibration logs,2025-07-18
D1753,Welding Porosity,MCH-263,Line-3,2025-09-15,Improper calibration,Calibrated equipment and updated calibration logs,2025-09-20
D1754,Loose Assembly,MCH-389,Line-1,2025-05-12,Coolant shortage,Replaced cutting tool and added tool inspection schedule,2025-05-17
D1755,Overheating,MCH-337,Line-1,2025-09-03,Seal failure,Refilled coolant tank and fixed coolant flow sensor,2025-09-04
D1756,Leakage,MCH-480,Line-1,2025-02-08,Worn-out die,Replaced gas regulator and trained operator,2025-02-11
D1757,Dimension Out of Tolerance,MCH-448,Line-1,2025-01-05,Improper curing temperature,Refilled coolant tank and fixed coolant flow sensor,2025-01-08
D1758,Leakage,MCH-146,Line-1,2025-04-10,Worn-out die,Refilled coolant tank and fixed coolant flow sensor,2025-04-15
D1759,Leakage,MCH-395,Line-1,2025-04-13,Loose wiring,Replaced gas regulator and trained operator,2025-04-16
D1760,Surface Crack,MCH-156,Line-4,2025-04-02,Operator error,Replaced gas regulator and trained operator,2025-04-04
D1761,Surface Crack,MCH-394,Line-5,2025-01-24,Worn-out die,Replaced cutting tool and added tool inspection schedule,2025-01-26
D1762,Paint Peeling,MCH-281,Line-1,2025-06-14,Loose wiring,Calibrated equipment and updated calibration logs,2025-06-19
D1763,Surface Crack,MCH-234,Line-5,2025-02-11,Coolant shortage,Introduced torque check checklist and operator training,2025-02-15
D1764,Dimension Out of Tolerance,MCH-260,Line-2,2025-06-13,Gas flow inconsistency,Replaced cutting tool and added tool inspection schedule,2025-06-15
D1765,Welding Porosity,MCH-201,Line-4,2025-04-24,Gas flow inconsistency,Replaced seal and added pressure monitoring,2025-04-27
D1766,Welding Porosity,MCH-178,Line-3,2025-01-31,Gas flow inconsistency,Replaced seal and added pressure monitoring,2025-02-04
D1767,Dimension Out of Tolerance,MCH-226,Line-1,2025-02-13,Improper curing temperature,Polished die and added regular inspection routine,2025-02-17
D1768,Burr Formation,MCH-473,Line-4,2025-06-14,Improper calibration,Secured wiring and scheduled preventive inspection,2025-06-15
D1769,Dimension Out of Tolerance,MCH-250,Line-1,2025-03-03,Improper calibration,Polished die and added regular inspection routine,2025-03-07
D1770,Leakage,MCH-304,Line-4,2025-01-02,Tool wear,Calibrated equipment and updated calibration logs,2025-01-06
D1771,Electrical Failure,MCH-254,Line-3,2025-04-19,Operator error,Calibrated equipment and updated calibration logs,2025-04-23
D1772,Welding Porosity,MCH-397,Line-2,2025-04-08,Gas flow inconsistency,Replaced gas regulator and trained operator,2025-04-12
D1773,Leakage,MCH-345,Line-5,2025-09-15,High machine vibration,Adjusted machine alignment and replaced worn-out bearings,2025-09-17
D1774,Dimension Out of Tolerance,MCH-268,Line-3,2025-08-23,Improper calibration,Secured wiring and scheduled preventive inspection,2025-08-24
D1775,Leakage,MCH-433,Line-1,2025-07-24,Coolant shortage,Replaced seal and added pressure monitoring,2025-07-25
D1776,Loose Assembly,MCH-454,Line-2,2025-07-27,Gas flow inconsistency,Replaced seal and added pressure monitoring,2025-07-29
D1777,Electrical Failure,MCH-112,Line-5,2025-04-30,Tool wear,Replaced gas regulator and trained operator,2025-05-03
D1778,Paint Peeling,MCH-377,Line-3,2025-07-07,Loose wiring,Replaced seal and added pressure monitoring,2025-07-08
D1779,Electrical Failure,MCH-157,Line-3,2025-02-08,Operator error,Calibrated equipment and updated calibration logs,2025-02-09
D1780,Welding Porosity,MCH-257,Line-5,2025-06-26,Coolant shortage,Replaced seal and added pressure monitoring,2025-06-29
D1781,Electrical Failure,MCH-176,Line-5,2025-06-17,Coolant shortage,Refilled coolant tank and fixed coolant flow sensor,2025-06-18
D1782,Dimension Out of Tolerance,MCH-129,Line-1,2025-02-08,Operator error,Calibrated oven temperature and added monitoring alert,2025-02-11
D1783,Burr Formation,MCH-174,Line-3,2025-04-14,High machine vibration,Introduced torque check checklist and operator training,2025-04-16
D1784,Overheating,MCH-376,Line-4,2025-01-16,Operator error,Refilled coolant tank and fixed coolant flow sensor,2025-01-17
D1785,Loose Assembly,MCH-442,Line-4,2025-06-19,High machine vibration,Calibrated equipment and updated calibration logs,2025-06-23
D1786,Dimension Out of Tolerance,MCH-322,Line-5,2025-02-28,Operator error,Replaced gas regulator and trained operator,2025-03-01
D1787,Misalignment,MCH-378,Line-4,2025-03-07,Coolant shortage,Replaced seal and added pressure monitoring,2025-03-11
D1788,Surface Crack,MCH-233,Line-1,2025-03-07,Tool wear,Introduced torque check checklist and operator training,2025-03-11
D1789,Welding Porosity,MCH-411,Line-3,2025-05-19,Improper curing temperature,Polished die and added regular inspection routine,2025-05-21
D1790,Leakage,MCH-352,Line-5,2025-04-08,Operator error,Adjusted machine alignment and replaced worn-out bearings,2025-04-13
D1791,Dimension Out of Tolerance,MCH-449,Line-5,2025-04-29,Seal failure,Polished die and added regular inspection routine,2025-05-03
D1792,Burr Formation,MCH-438,Line-5,2025-03-27,Gas flow inconsistency,Polished die and added regular inspection routine,2025-03-28
D1793,Overheating,MCH-146,Line-5,2025-06-10,Loose wiring,Polished die and added regular inspection routine,2025-06-14
D1794,Welding Porosity,MCH-203,Line-5,2025-06-29,Worn-out die,Refilled coolant tank and fixed coolant flow sensor,2025-07-03
D1795,Dimension Out of Tolerance,MCH-467,Line-3,2025-01-26,Loose wiring,Replaced gas regulator and trained operator,2025-01-29
D1796,Loose Assembly,MCH-161,Line-3,2025-05-11,Operator error,Replaced cutting tool and added tool inspection schedule,2025-05-12
D1797,Welding Porosity,MCH-391,Line-2,2025-04-18,Loose wiring,Replaced gas regulator and trained operator,2025-04-23
D1798,Leakage,MCH-156,Line-2,2025-08-22,Improper calibration,Replaced seal and added pressure monitoring,2025-08-23
D1799,Welding Porosity,MCH-443,Line-1,2025-03-27,Loose wiring,Introduced torque check checklist and operator training,2025-03-31
D1800,Overheating,MCH-359,Line-4,2025-08-06,Loose wiring,Refilled coolant tank and fixed coolant flow sensor,2025-08-10
D1801,Surface Crack,MCH-236,Line-4,2025-04-25,Improper curing temperature,Calibrated oven temperature and added monitoring alert,2025-04-29
D1802,Burr Formation,MCH-325,Line-5,2025-03-18,Improper calibration,Replaced gas regulator and trained operator,2025-03-21
D1803,Overheating,MCH-483,Line-4,2025-07-19,Gas flow inconsistency,Secured wiring and scheduled preventive inspection,2025-07-20
D1804,Electrical Failure,MCH-230,Line-5,2025-02-19,Loose wiring,Replaced cutting tool and added tool inspection schedule,2025-02-24
D1805,Dimension Out of Tolerance,MCH-381,Line-3,2025-03-30,Improper calibration,Replaced gas regulator and trained operator,2025-03-31
D1806,Loose Assembly,MCH-412,Line-4,2025-03-02,Loose wiring,Polished die and added regular inspection routine,2025-03-05
D1807,Paint Peeling,MCH-425,Line-1,2025-08-23,Seal failure,Calibrated oven temperature and added monitoring alert,2025-08-27
D1808,Overheating,MCH-337,Line-3,2025-05-23,Improper curing temperature,Introduced torque check checklist and operator training,2025-05-25
D1809,Leakage,MCH-106,Line-1,2025-05-31,Seal failure,Secured wiring and scheduled preventive inspection,2025-06-05
D1810,Electrical Failure,MCH-401,Line-2,2025-08-17,Worn-out die,Calibrated equipment and updated calibration logs,2025-08-18
D1811,Electrical Failure,MCH-307,Line-3,2025-06-19,High machine vibration,Introduced torque check checklist and operator training,2025-06-24
D1812,Welding Porosity,MCH-494,Line-3,2025-04-10,Loose wiring,Refilled coolant tank and fixed coolant flow sensor,2025-04-13
D1813,Burr Formation,MCH-106,Line-4,2025-06-27,Seal failure,Replaced gas regulator and trained operator,2025-06-29
D1814,Electrical Failure,MCH-453,Line-4,2025-04-17,Gas flow inconsistency,Refilled coolant tank and fixed coolant flow sensor,2025-04-20
D1815,Paint Peeling,MCH-201,Line-2,2025-06-01,Loose wiring,Replaced seal and added pressure monitoring,2025-06-05
D1816,Paint Peeling,MCH-459,Line-3,2025-07-08,High machine vibration,Replaced gas regulator and trained operator,2025-07-12
D1817,Dimension Out of Tolerance,MCH-484,Line-2,2025-01-09,Tool wear,Adjusted machine alignment and replaced worn-out bearings,2025-01-12
D1818,Burr Formation,MCH-282,Line-5,2025-03-06,Operator error,Adjusted machine alignment and replaced worn-out bearings,2025-03-08
D1819,Surface Crack,MCH-307,Line-3,2025-01-23,Improper calibration,Calibrated oven temperature and added monitoring alert,2025-01-27
D1820,Burr Formation,MCH-364,Line-1,2025-03-30,Improper curing temperature,Adjusted machine alignment and replaced worn-out bearings,2025-04-02
D1821,Leakage,MCH-197,Line-1,2025-04-02,Worn-out die,Replaced cutting tool and added tool inspection schedule,2025-04-05
D1822,Welding Porosity,MCH-374,Line-5,2025-07-22,High machine vibration,Replaced seal and added pressure monitoring,2025-07-27
D1823,Loose Assembly,MCH-362,Line-1,2025-03-20,Gas flow inconsistency,Polished die and added regular inspection routine,2025-03-23
D1824,Paint Peeling,MCH-455,Line-3,2025-07-09,Coolant shortage,Adjusted machine alignment and replaced worn-out bearings,2025-07-10
D1825,Burr Formation,MCH-301,Line-3,2025-04-18,Gas flow inconsistency,Refilled coolant tank and fixed coolant flow sensor,2025-04-21
D1826,Overheating,MCH-279,Line-1,2025-04-11,Seal failure,Replaced seal and added pressure monitoring,2025-04-14
D1827,Electrical Failure,MCH-265,Line-5,2025-07-09,High machine vibration,Introduced torque check checklist and operator training,2025-07-10
D1828,Surface Crack,MCH-388,Line-1,2025-02-07,Gas flow inconsistency,Introduced torque check checklist and operator training,2025-02-12
D1829,Paint Peeling,MCH-224,Line-3,2025-01-02,Seal failure,Adjusted machine alignment and replaced worn-out bearings,2025-01-05
D1830,Burr Formation,MCH-118,Line-2,2025-04-24,Worn-out die,Calibrated oven temperature and added monitoring alert,2025-04-27
D1831,Misalignment,MCH-235,Line-4,2025-06-23,Tool wear,Refilled coolant tank and fixed coolant flow sensor,2025-06-28
D1832,Leakage,MCH-462,Line-3,2025-03-17,Loose wiring,Calibrated oven temperature and added monitoring alert,2025-03-21
D1833,Misalignment,MCH-432,Line-5,2025-09-18,Seal failure,Secured wiring and scheduled preventive inspection,2025-09-19
D1834,Burr Formation,MCH-433,Line-1,2025-02-11,Coolant shortage,Calibrated equipment and updated calibration logs,2025-02-15
D1835,Burr Formation,MCH-252,Line-4,2025-08-29,Improper calibration,Calibrated equipment and updated calibration logs,2025-09-01
D1836,Overheating,MCH-279,Line-1,2025-02-22,Gas flow inconsistency,Polished die and added regular inspection routine,2025-02-26
D1837,Leakage,MCH-352,Line-1,2025-04-27,Coolant shortage,Secured wiring and scheduled preventive inspection,2025-04-28
D1838,Electrical Failure,MCH-115,Line-3,2025-02-10,Seal failure,Adjusted machine alignment and replaced worn-out bearings,2025-02-15
D1839,Dimension Out of Tolerance,MCH-363,Line-1,2025-08-04,Operator error,Replaced seal and added pressure monitoring,2025-08-07
D1840,Welding Porosity,MCH-431,Line-5,2025-08-19,Improper curing temperature,Refilled coolant tank and fixed coolant flow sensor,2025-08-22
D1841,Loose Assembly,MCH-146,Line-4,2025-08-31,Worn-out die,Introduced torque check checklist and operator training,2025-09-05
D1842,Electrical Failure,MCH-364,Line-2,2025-01-23,Tool wear,Replaced gas regulator and trained operator,2025-01-26
D1843,Electrical Failure,MCH-168,Line-3,2025-05-28,High machine vibration,Refilled coolant tank and fixed coolant flow sensor,2025-05-31
D1844,Welding Porosity,MCH-475,Line-2,2025-06-26,Worn-out die,Refilled coolant tank and fixed coolant flow sensor,2025-07-01
D1845,Loose Assembly,MCH-334,Line-5,2025-01-10,Gas flow inconsistency,Secured wiring and scheduled preventive inspection,2025-01-14
D1846,Leakage,MCH-311,Line-2,2025-01-15,Coolant shortage,Adjusted machine alignment and replaced worn-out bearings,2025-01-17
D1847,Surface Crack,MCH-231,Line-2,2025-03-18,Operator error,Introduced torque check checklist and operator training,2025-03-21
D1848,Surface Crack,MCH-111,Line-4,2025-02-16,Loose wiring,Adjusted machine alignment and replaced worn-out bearings,2025-02-17
D1849,Paint Peeling,MCH-418,Line-2,2025-04-30,High machine vibration,Calibrated equipment and updated calibration logs,2025-05-03
D1850,Electrical Failure,MCH-347,Line-1,2025-09-04,Operator error,Calibrated equipment and updated calibration logs,2025-09-09
D1851,Electrical Failure,MCH-347,Line-4,2025-07-17,Operator error,Replaced cutting tool and added tool inspection schedule,2025-07-18
D1852,Surface Crack,MCH-130,Line-3,2025-08-21,Loose wiring,Calibrated oven temperature and added monitoring alert,2025-08-26
D1853,Burr Formation,MCH-274,Line-2,2025-09-12,High machine vibration,Calibrated oven temperature and added monitoring alert,2025-09-13
D1854,Loose Assembly,MCH-385,Line-4,2025-08-01,Seal failure,Replaced gas regulator and trained operator,2025-08-03
D1855,Loose Assembly,MCH-448,Line-2,2025-09-08,Gas flow inconsistency,Replaced gas regulator and trained operator,2025-09-11
D1856,Burr Formation,MCH-484,Line-1,2025-01-25,Improper curing temperature,Polished die and added regular inspection routine,2025-01-29
D1857,Dimension Out of Tolerance,MCH-317,Line-3,2025-08-06,Loose wiring,Replaced seal and added pressure monitoring,2025-08-07
D1858,Misalignment,MCH-104,Line-5,2025-08-03,Improper curing temperature,Replaced gas regulator and trained operator,2025-08-04
D1859,Leakage,MCH-213,Line-2,2025-01-15,Loose wiring,Introduced torque check checklist and operator training,2025-01-17
D1860,Electrical Failure,MCH-356,Line-5,2025-01-31,Operator error,Replaced seal and added pressure monitoring,2025-02-05
D1861,Overheating,MCH-465,Line-4,2025-03-05,Worn-out die,Calibrated equipment and updated calibration logs,2025-03-09
D1862,Surface Crack,MCH-376,Line-5,2025-09-06,Improper calibration,Replaced seal and added pressure monitoring,2025-09-07
D1863,Paint Peeling,MCH-500,Line-4,2025-01-11,High machine vibration,Replaced cutting tool and added tool inspection schedule,2025-01-16
D1864,Paint Peeling,MCH-440,Line-4,2025-07-04,Seal failure,Introduced torque check checklist and operator training,2025-07-06
D1865,Burr Formation,MCH-135,Line-1,2025-03-06,Tool wear,Replaced gas regulator and trained operator,2025-03-09
D1866,Overheating,MCH-458,Line-4,2025-07-02,Seal failure,Adjusted machine alignment and replaced worn-out bearings,2025-07-05
D1867,Dimension Out of Tolerance,MCH-447,Line-3,2025-04-24,Seal failure,Replaced gas regulator and trained operator,2025-04-28
D1868,Misalignment,MCH-217,Line-3,2025-07-09,Gas flow inconsistency,Introduced torque check checklist and operator training,2025-07-13
D1869,Misalignment,MCH-235,Line-5,2025-08-30,Improper calibration,Polished die and added regular inspection routine,2025-09-02
D1870,Dimension Out of Tolerance,MCH-125,Line-3,2025-01-15,Gas flow inconsistency,Refilled coolant tank and fixed coolant flow sensor,2025-01-18
D1871,Overheating,MCH-361,Line-5,2025-03-17,Seal failure,Secured wiring and scheduled preventive inspection,2025-03-20
D1872,Welding Porosity,MCH-417,Line-2,2025-02-21,Improper calibration,Calibrated oven temperature and added monitoring alert,2025-02-24
D1873,Burr Formation,MCH-253,Line-3,2025-04-12,Operator error,Secured wiring and scheduled preventive inspection,2025-04-15
D1874,Loose Assembly,MCH-422,Line-3,2025-01-16,Coolant shortage,Refilled coolant tank and fixed coolant flow sensor,2025-01-19
D1875,Leakage,MCH-171,Line-2,2025-06-19,Improper calibration,Replaced gas regulator and trained operator,2025-06-22
D1876,Misalignment,MCH-226,Line-2,2025-05-10,Coolant shortage,Introduced torque check checklist and operator training,2025-05-15
D1877,Dimension Out of Tolerance,MCH-143,Line-3,2025-07-31,Gas flow inconsistency,Refilled coolant tank and fixed coolant flow sensor,2025-08-03
D1878,Burr Formation,MCH-295,Line-2,2025-08-25,Seal failure,Replaced cutting tool and added tool inspection schedule,2025-08-26
D1879,Surface Crack,MCH-168,Line-2,2025-06-09,Improper curing temperature,Calibrated oven temperature and added monitoring alert,2025-06-10
D1880,Surface Crack,MCH-162,Line-4,2025-05-21,Improper calibration,Introduced torque check checklist and operator training,2025-05-24
D1881,Welding Porosity,MCH-231,Line-2,2025-07-18,Improper calibration,Secured wiring and scheduled preventive inspection,2025-07-23
D1882,Electrical Failure,MCH-477,Line-4,2025-07-25,Operator error,Secured wiring and scheduled preventive inspection,2025-07-27
D1883,Overheating,MCH-298,Line-2,2025-03-29,Worn-out die,Adjusted machine alignment and replaced worn-out bearings,2025-04-03
D1884,Overheating,MCH-301,Line-3,2025-05-07,Loose wiring,Calibrated equipment and updated calibration logs,2025-05-12
D1885,Overheating,MCH-109,Line-3,2025-07-27,Worn-out die,Introduced torque check checklist and operator training,2025-07-31
D1886,Leakage,MCH-192,Line-3,2025-03-22,Loose wiring,Calibrated equipment and updated calibration logs,2025-03-25
D1887,Burr Formation,MCH-321,Line-2,2025-06-25,Improper curing temperature,Replaced gas regulator and trained operator,2025-06-28
D1888,Dimension Out of Tolerance,MCH-166,Line-3,2025-01-19,Loose wiring,Calibrated equipment and updated calibration logs,2025-01-21
D1889,Misalignment,MCH-172,Line-5,2025-08-13,Improper curing temperature,Polished die and added regular inspection routine,2025-08-16
D1890,Leakage,MCH-227,Line-1,2025-09-08,Tool wear,Polished die and added regular inspection routine,2025-09-12
D1891,Overheating,MCH-109,Line-1,2025-03-28,Operator error,Replaced seal and added pressure monitoring,2025-03-30
D1892,Loose Assembly,MCH-453,Line-4,2025-05-01,Tool wear,Polished die and added regular inspection routine,2025-05-02
D1893,Leakage,MCH-446,Line-1,2025-04-08,Coolant shortage,Introduced torque check checklist and operator training,2025-04-11
D1894,Surface Crack,MCH-182,Line-3,2025-05-20,Worn-out die,Secured wiring and scheduled preventive inspection,2025-05-24
D1895,Dimension Out of Tolerance,MCH-382,Line-3,2025-08-11,Tool wear,Refilled coolant tank and fixed coolant flow sensor,2025-08-16
D1896,Paint Peeling,MCH-225,Line-1,2025-08-10,Seal failure,Replaced seal and added pressure monitoring,2025-08-11
D1897,Loose Assembly,MCH-298,Line-3,2025-09-17,Loose wiring,Secured wiring and scheduled preventive inspection,2025-09-18
D1898,Overheating,MCH-360,Line-2,2025-01-10,Coolant shortage,Calibrated oven temperature and added monitoring alert,2025-01-13
D1899,Misalignment,MCH-324,Line-5,2025-06-14,Coolant shortage,Replaced gas regulator and trained operator,2025-06-15
D1900,Burr Formation,MCH-223,Line-3,2025-05-04,Improper calibration,Calibrated oven temperature and added monitoring alert,2025-05-06
D1901,Electrical Failure,MCH-147,Line-4,2025-02-22,Seal failure,Replaced gas regulator and trained operator,2025-02-26
D1902,Welding Porosity,MCH-386,Line-3,2025-03-21,Improper curing temperature,Calibrated equipment and updated calibration logs,2025-03-26
D1903,Burr Formation,MCH-214,Line-5,2025-03-31,Operator error,Calibrated oven temperature and added monitoring alert,2025-04-03
D1904,Loose Assembly,MCH-123,Line-1,2025-07-09,Improper calibration,Polished die and added regular inspection routine,2025-07-14
D1905,Misalignment,MCH-375,Line-2,2025-05-04,Seal failure,Refilled coolant tank and fixed coolant flow sensor,2025-05-09
D1906,Electrical Failure,MCH-363,Line-5,2025-08-30,Improper curing temperature,Secured wiring and scheduled preventive inspection,2025-09-04
D1907,Electrical Failure,MCH-439,Line-2,2025-03-06,Coolant shortage,Refilled coolant tank and fixed coolant flow sensor,2025-03-09
D1908,Loose Assembly,MCH-333,Line-3,2025-04-09,High machine vibration,Polished die and added regular inspection routine,2025-04-13
D1909,Leakage,MCH-441,Line-3,2025-06-16,Gas flow inconsistency,Introduced torque check checklist and operator training,2025-06-20
D1910,Burr Formation,MCH-117,Line-4,2025-05-08,Improper calibration,Refilled coolant tank and fixed coolant flow sensor,2025-05-11
D1911,Paint Peeling,MCH-352,Line-2,2025-03-10,Loose wiring,Refilled coolant tank and fixed coolant flow sensor,2025-03-14
D1912,Paint Peeling,MCH-175,Line-2,2025-03-19,High machine vibration,Secured wiring and scheduled preventive inspection,2025-03-21
D1913,Misalignment,MCH-120,Line-4,2025-08-14,Loose wiring,Replaced seal and added pressure monitoring,2025-08-16
D1914,Dimension Out of Tolerance,MCH-420,Line-2,2025-09-18,Worn-out die,Secured wiring and scheduled preventive inspection,2025-09-19
D1915,Electrical Failure,MCH-236,Line-5,2025-01-21,Worn-out die,Adjusted machine alignment and replaced worn-out bearings,2025-01-22
D1916,Welding Porosity,MCH-156,Line-1,2025-03-23,Loose wiring,Replaced gas regulator and trained operator,2025-03-24
D1917,Welding Porosity,MCH-203,Line-4,2025-05-04,Worn-out die,Replaced seal and added pressure monitoring,2025-05-05
D1918,Dimension Out of Tolerance,MCH-214,Line-3,2025-04-21,High machine vibration,Replaced gas regulator and trained operator,2025-04-25
D1919,Overheating,MCH-420,Line-5,2025-09-14,Operator error,Refilled coolant tank and fixed coolant flow sensor,2025-09-19
D1920,Paint Peeling,MCH-302,Line-4,2025-01-16,Tool wear,Replaced gas regulator and trained operator,2025-01-18
D1921,Electrical Failure,MCH-438,Line-4,2025-08-09,Worn-out die,Replaced gas regulator and trained operator,2025-08-13
D1922,Misalignment,MCH-381,Line-2,2025-06-16,Improper calibration,Calibrated oven temperature and added monitoring alert,2025-06-17
D1923,Loose Assembly,MCH-495,Line-3,2025-06-30,Operator error,Introduced torque check checklist and operator training,2025-07-05
D1924,Misalignment,MCH-149,Line-3,2025-07-18,Worn-out die,Introduced torque check checklist and operator training,2025-07-19
D1925,Dimension Out of Tolerance,MCH-265,Line-5,2025-08-13,Coolant shortage,Replaced cutting tool and added tool inspection schedule,2025-08-14
D1926,Dimension Out of Tolerance,MCH-241,Line-4,2025-06-20,Improper calibration,Replaced gas regulator and trained operator,2025-06-22
D1927,Welding Porosity,MCH-470,Line-1,2025-06-07,Tool wear,Secured wiring and scheduled preventive inspection,2025-06-09
D1928,Dimension Out of Tolerance,MCH-152,Line-4,2025-09-07,Worn-out die,Calibrated equipment and updated calibration logs,2025-09-10
D1929,Burr Formation,MCH-401,Line-1,2025-03-24,Operator error,Replaced cutting tool and added tool inspection schedule,2025-03-27
D1930,Surface Crack,MCH-304,Line-4,2025-01-22,Operator error,Replaced seal and added pressure monitoring,2025-01-26
D1931,Welding Porosity,MCH-494,Line-4,2025-04-24,Worn-out die,Calibrated oven temperature and added monitoring alert,2025-04-26
D1932,Overheating,MCH-358,Line-4,2025-09-03,Loose wiring,Secured wiring and scheduled preventive inspection,2025-09-06
D1933,Burr Formation,MCH-231,Line-2,2025-08-18,Coolant shortage,Secured wiring and scheduled preventive inspection,2025-08-19
D1934,Loose Assembly,MCH-166,Line-4,2025-04-30,Coolant shortage,Replaced cutting tool and added tool inspection schedule,2025-05-03
D1935,Loose Assembly,MCH-296,Line-4,2025-03-09,Tool wear,Calibrated oven temperature and added monitoring alert,2025-03-14
D1936,Burr Formation,MCH-215,Line-5,2025-03-26,Improper calibration,Secured wiring and scheduled preventive inspection,2025-03-28
D1937,Welding Porosity,MCH-123,Line-3,2025-09-14,Improper calibration,Polished die and added regular inspection routine,2025-09-16
D1938,Paint Peeling,MCH-348,Line-3,2025-07-23,Loose wiring,Secured wiring and scheduled preventive inspection,2025-07-28
D1939,Paint Peeling,MCH-428,Line-2,2025-08-26,Gas flow inconsistency,Replaced cutting tool and added tool inspection schedule,2025-08-31
D1940,Paint Peeling,MCH-467,Line-3,2025-03-26,High machine vibration,Adjusted machine alignment and replaced worn-out bearings,2025-03-30
D1941,Welding Porosity,MCH-335,Line-1,2025-02-15,Improper calibration,Replaced gas regulator and trained operator,2025-02-18
D1942,Paint Peeling,MCH-101,Line-2,2025-05-21,Improper calibration,Replaced gas regulator and trained operator,2025-05-24
D1943,Overheating,MCH-421,Line-3,2025-07-02,High machine vibration,Replaced cutting tool and added tool inspection schedule,2025-07-07
D1944,Paint Peeling,MCH-302,Line-3,2025-07-23,Improper curing temperature,Calibrated oven temperature and added monitoring alert,2025-07-25
D1945,Electrical Failure,MCH-379,Line-4,2025-07-18,Loose wiring,Replaced gas regulator and trained operator,2025-07-21
D1946,Welding Porosity,MCH-370,Line-4,2025-07-06,Seal failure,Introduced torque check checklist and operator training,2025-07-11
D1947,Loose Assembly,MCH-489,Line-3,2025-09-08,Seal failure,Calibrated equipment and updated calibration logs,2025-09-10
D1948,Electrical Failure,MCH-347,Line-3,2025-05-23,Improper curing temperature,Replaced cutting tool and added tool inspection schedule,2025-05-26
D1949,Loose Assembly,MCH-273,Line-2,2025-09-17,Seal failure,Calibrated equipment and updated calibration logs,2025-09-22
D1950,Loose Assembly,MCH-367,Line-4,2025-04-28,Tool wear,Replaced gas regulator and trained operator,2025-05-02
D1951,Electrical Failure,MCH-459,Line-5,2025-07-11,Improper calibration,Refilled coolant tank and fixed coolant flow sensor,2025-07-16
D1952,Welding Porosity,MCH-334,Line-3,2025-01-03,Seal failure,Secured wiring and scheduled preventive inspection,2025-01-08
D1953,Surface Crack,MCH-212,Line-5,2025-07-01,Operator error,Calibrated equipment and updated calibration logs,2025-07-04
D1954,Paint Peeling,MCH-469,Line-2,2025-06-05,Coolant shortage,Replaced gas regulator and trained operator,2025-06-06
D1955,Loose Assembly,MCH-312,Line-4,2025-04-01,Loose wiring,Introduced torque check checklist and operator training,2025-04-04
D1956,Overheating,MCH-304,Line-3,2025-06-02,Gas flow inconsistency,Calibrated oven temperature and added monitoring alert,2025-06-04
D1957,Electrical Failure,MCH-334,Line-2,2025-06-25,High machine vibration,Refilled coolant tank and fixed coolant flow sensor,2025-06-28
D1958,Leakage,MCH-471,Line-1,2025-07-21,Operator error,Calibrated equipment and updated calibration logs,2025-07-25
D1959,Burr Formation,MCH-382,Line-1,2025-06-11,Improper calibration,Calibrated equipment and updated calibration logs,2025-06-14
D1960,Electrical Failure,MCH-355,Line-3,2025-08-29,Improper curing temperature,Adjusted machine alignment and replaced worn-out bearings,2025-08-31
D1961,Dimension Out of Tolerance,MCH-253,Line-5,2025-01-23,Coolant shortage,Replaced seal and added pressure monitoring,2025-01-25
D1962,Welding Porosity,MCH-130,Line-5,2025-06-03,Seal failure,Secured wiring and scheduled preventive inspection,2025-06-04
D1963,Loose Assembly,MCH-197,Line-5,2025-05-29,Improper curing temperature,Adjusted machine alignment and replaced worn-out bearings,2025-06-01
D1964,Dimension Out of Tolerance,MCH-343,Line-4,2025-09-04,Loose wiring,Introduced torque check checklist and operator training,2025-09-08
D1965,Electrical Failure,MCH-118,Line-1,2025-05-28,Seal failure,Replaced cutting tool and added tool inspection schedule,2025-05-29
D1966,Welding Porosity,MCH-120,Line-2,2025-07-18,Improper calibration,Secured wiring and scheduled preventive inspection,2025-07-21
D1967,Dimension Out of Tolerance,MCH-275,Line-5,2025-03-28,Improper calibration,Calibrated oven temperature and added monitoring alert,2025-03-29
D1968,Electrical Failure,MCH-414,Line-1,2025-02-20,Improper curing temperature,Calibrated equipment and updated calibration logs,2025-02-24
D1969,Dimension Out of Tolerance,MCH-107,Line-2,2025-05-07,Worn-out die,Calibrated equipment and updated calibration logs,2025-05-11
D1970,Burr Formation,MCH-129,Line-4,2025-09-12,Coolant shortage,Calibrated oven temperature and added monitoring alert,2025-09-15
D1971,Surface Crack,MCH-181,Line-2,2025-05-08,Loose wiring,Secured wiring and scheduled preventive inspection,2025-05-09
D1972,Misalignment,MCH-308,Line-2,2025-01-26,Seal failure,Calibrated oven temperature and added monitoring alert,2025-01-31
D1973,Burr Formation,MCH-270,Line-2,2025-03-21,Gas flow inconsistency,Refilled coolant tank and fixed coolant flow sensor,2025-03-25
D1974,Dimension Out of Tolerance,MCH-337,Line-4,2025-07-08,Seal failure,Secured wiring and scheduled preventive inspection,2025-07-12
D1975,Welding Porosity,MCH-347,Line-5,2025-04-18,Operator error,Replaced gas regulator and trained operator,2025-04-22
D1976,Surface Crack,MCH-100,Line-5,2025-07-06,Improper curing temperature,Replaced cutting tool and added tool inspection schedule,2025-07-09
D1977,Overheating,MCH-477,Line-1,2025-09-13,Tool wear,Polished die and added regular inspection routine,2025-09-15
D1978,Burr Formation,MCH-374,Line-5,2025-06-28,Tool wear,Refilled coolant tank and fixed coolant flow sensor,2025-07-01
D1979,Loose Assembly,MCH-397,Line-3,2025-06-08,Loose wiring,Adjusted machine alignment and replaced worn-out bearings,2025-06-10
D1980,Paint Peeling,MCH-110,Line-5,2025-05-07,Loose wiring,Polished die and added regular inspection routine,2025-05-11
D1981,Electrical Failure,MCH-482,Line-5,2025-08-11,Tool wear,Replaced gas regulator and trained operator,2025-08-13
D1982,Electrical Failure,MCH-500,Line-5,2025-09-03,Coolant shortage,Polished die and added regular inspection routine,2025-09-08
D1983,Burr Formation,MCH-261,Line-5,2025-03-25,Seal failure,Replaced gas regulator and trained operator,2025-03-28
D1984,Burr Formation,MCH-119,Line-4,2025-02-23,Gas flow inconsistency,Secured wiring and scheduled preventive inspection,2025-02-24
D1985,Dimension Out of Tolerance,MCH-497,Line-1,2025-06-11,Seal failure,Introduced torque check checklist and operator training,2025-06-13
D1986,Paint Peeling,MCH-162,Line-1,2025-01-23,Gas flow inconsistency,Replaced gas regulator and trained operator,2025-01-26
D1987,Dimension Out of Tolerance,MCH-111,Line-1,2025-07-22,High machine vibration,Replaced cutting tool and added tool inspection schedule,2025-07-26
D1988,Loose Assembly,MCH-254,Line-1,2025-03-23,High machine vibration,Calibrated oven temperature and added monitoring alert,2025-03-25
D1989,Misalignment,MCH-189,Line-5,2025-09-15,Operator error,Calibrated oven temperature and added monitoring alert,2025-09-19
D1990,Welding Porosity,MCH-127,Line-4,2025-08-09,High machine vibration,Refilled coolant tank and fixed coolant flow sensor,2025-08-12
D1991,Leakage,MCH-236,Line-1,2025-03-07,Operator error,Replaced gas regulator and trained operator,2025-03-10
D1992,Paint Peeling,MCH-278,Line-3,2025-09-05,Seal failure,Calibrated oven temperature and added monitoring alert,2025-09-10
D1993,Loose Assembly,MCH-283,Line-4,2025-04-12,Tool wear,Adjusted machine alignment and replaced worn-out bearings,2025-04-14
D1994,Paint Peeling,MCH-370,Line-4,2025-08-29,Gas flow inconsistency,Replaced cutting tool and added tool inspection schedule,2025-09-03
D1995,Welding Porosity,MCH-427,Line-1,2025-08-16,Seal failure,Secured wiring and scheduled preventive inspection,2025-08-21
D1996,Welding Porosity,MCH-148,Line-5,2025-08-06,Loose wiring,Secured wiring and scheduled preventive inspection,2025-08-07
D1997,Leakage,MCH-416,Line-4,2025-02-12,Improper curing temperature,Replaced seal and added pressure monitoring,2025-02-13
D1998,Dimension Out of Tolerance,MCH-362,Line-3,2025-07-03,Loose wiring,Replaced cutting tool and added tool inspection schedule,2025-07-07
D1999,Leakage,MCH-183,Line-3,2025-07-12,Worn-out die,Introduced torque check checklist and operator training,2025-07-14
D2000,Welding Porosity,MCH-413,Line-4,2025-01-01,Worn-out die,Replaced cutting tool and added tool inspection schedule,2025-01-04
